-- phpMyAdmin SQL Dump
-- version 5.1.0
-- https://www.phpmyadmin.net/
--
-- Hôte : localhost:8889
-- Généré le : jeu. 09 fév. 2023 à 13:28
-- Version du serveur :  5.7.34
-- Version de PHP : 7.4.21

SET SQL_MODE = "NO_AUTO_VALUE_ON_ZERO";
START TRANSACTION;
SET time_zone = "+00:00";


/*!40101 SET @OLD_CHARACTER_SET_CLIENT=@@CHARACTER_SET_CLIENT */;
/*!40101 SET @OLD_CHARACTER_SET_RESULTS=@@CHARACTER_SET_RESULTS */;
/*!40101 SET @OLD_COLLATION_CONNECTION=@@COLLATION_CONNECTION */;
/*!40101 SET NAMES utf8mb4 */;

--
-- Base de données : `apitest`
--

-- --------------------------------------------------------

--
-- Structure de la table `clients`
--

CREATE TABLE `clients` (
  `id` bigint(20) UNSIGNED NOT NULL,
  `nom_client` varchar(191) COLLATE utf8mb4_unicode_ci DEFAULT NULL,
  `prenom_client` varchar(191) COLLATE utf8mb4_unicode_ci DEFAULT NULL,
  `email_client` varchar(191) COLLATE utf8mb4_unicode_ci DEFAULT NULL,
  `entreprise_client` varchar(191) COLLATE utf8mb4_unicode_ci DEFAULT NULL,
  `password_client` varchar(191) COLLATE utf8mb4_unicode_ci DEFAULT NULL,
  `created_at` timestamp NULL DEFAULT NULL,
  `updated_at` timestamp NULL DEFAULT NULL
) ENGINE=InnoDB DEFAULT CHARSET=utf8mb4 COLLATE=utf8mb4_unicode_ci;

--
-- Déchargement des données de la table `clients`
--

INSERT INTO `clients` (`id`, `nom_client`, `prenom_client`, `email_client`, `entreprise_client`, `password_client`, `created_at`, `updated_at`) VALUES
(1, 'Dr. Elbert Schmidt III', 'Catalina O\'Keefe', 'trunte@example.com', 'Ms. Belle Huels DDS', '$2y$10$92IXUNpkjO0rOQ5byMi.Ye4oKoEa3Ro9llC/.og/at2.uheWG/igi', '2023-02-07 10:53:58', '2023-02-07 10:53:58'),
(2, 'Liliane Abernathy', 'Miss Kenyatta Nitzsche DDS', 'chester.kutch@example.com', 'Prof. Mack Strosin PhD', '$2y$10$92IXUNpkjO0rOQ5byMi.Ye4oKoEa3Ro9llC/.og/at2.uheWG/igi', '2023-02-07 10:53:58', '2023-02-07 10:53:58'),
(3, 'Ellis Hettinger', 'Destini Keebler', 'yoshiko73@example.org', 'Estella Pouros', '$2y$10$92IXUNpkjO0rOQ5byMi.Ye4oKoEa3Ro9llC/.og/at2.uheWG/igi', '2023-02-07 10:53:58', '2023-02-07 10:53:58'),
(4, 'Casey Rippin III', 'Luisa Murazik', 'hackett.marcelo@example.com', 'Trudie Schaefer', '$2y$10$92IXUNpkjO0rOQ5byMi.Ye4oKoEa3Ro9llC/.og/at2.uheWG/igi', '2023-02-07 10:53:58', '2023-02-07 10:53:58'),
(5, 'Madilyn Feest', 'Timothy Koepp', 'jhettinger@example.com', 'Leann Purdy', '$2y$10$92IXUNpkjO0rOQ5byMi.Ye4oKoEa3Ro9llC/.og/at2.uheWG/igi', '2023-02-07 10:53:58', '2023-02-07 10:53:58'),
(6, 'Leonel Harvey', 'Mary Ward', 'wberge@example.net', 'Korey Jast PhD', '$2y$10$92IXUNpkjO0rOQ5byMi.Ye4oKoEa3Ro9llC/.og/at2.uheWG/igi', '2023-02-07 10:53:58', '2023-02-07 10:53:58'),
(7, 'Madisen Beatty', 'Tierra Upton', 'khomenick@example.net', 'Jaquelin Abernathy', '$2y$10$92IXUNpkjO0rOQ5byMi.Ye4oKoEa3Ro9llC/.og/at2.uheWG/igi', '2023-02-07 10:53:58', '2023-02-07 10:53:58'),
(8, 'Monroe Gulgowski Sr.', 'Angelita Kunde', 'hoyt21@example.org', 'Jeanne Sauer', '$2y$10$92IXUNpkjO0rOQ5byMi.Ye4oKoEa3Ro9llC/.og/at2.uheWG/igi', '2023-02-07 10:53:58', '2023-02-07 10:53:58'),
(9, 'Brown Emard', 'Garfield Funk II', 'torp.mercedes@example.com', 'Forest Kassulke', '$2y$10$92IXUNpkjO0rOQ5byMi.Ye4oKoEa3Ro9llC/.og/at2.uheWG/igi', '2023-02-07 10:53:58', '2023-02-07 10:53:58'),
(11, 'Prof. Courtney Little', 'Sincere Rath II', 'kuvalis.destini@example.net', 'Nyasia Keeling', '$2y$10$92IXUNpkjO0rOQ5byMi.Ye4oKoEa3Ro9llC/.og/at2.uheWG/igi', '2023-02-07 10:53:58', '2023-02-07 10:53:58'),
(12, 'Lina Homenick', 'Prof. Rene Blick', 'okeefe.eda@example.com', 'Shawna Braun', '$2y$10$92IXUNpkjO0rOQ5byMi.Ye4oKoEa3Ro9llC/.og/at2.uheWG/igi', '2023-02-07 10:53:58', '2023-02-07 10:53:58'),
(13, 'Dr. Bernadine Ebert II', 'Ms. Ottilie Murphy III', 'vohara@example.com', 'Brandyn Schinner', '$2y$10$92IXUNpkjO0rOQ5byMi.Ye4oKoEa3Ro9llC/.og/at2.uheWG/igi', '2023-02-07 10:53:58', '2023-02-07 10:53:58'),
(14, 'Jenifer Lueilwitz', 'Felipa Aufderhar', 'ariel.bahringer@example.net', 'Jana Nitzsche', '$2y$10$92IXUNpkjO0rOQ5byMi.Ye4oKoEa3Ro9llC/.og/at2.uheWG/igi', '2023-02-07 10:53:58', '2023-02-07 10:53:58'),
(15, 'Brendon Boyer II', 'Maverick Zboncak', 'jschimmel@example.org', 'Adolph Emmerich', '$2y$10$92IXUNpkjO0rOQ5byMi.Ye4oKoEa3Ro9llC/.og/at2.uheWG/igi', '2023-02-07 10:53:58', '2023-02-07 10:53:58'),
(16, 'Elyssa Schulist Jr.', 'Dee Kunze', 'jake61@example.com', 'Mr. Cole Konopelski I', '$2y$10$92IXUNpkjO0rOQ5byMi.Ye4oKoEa3Ro9llC/.og/at2.uheWG/igi', '2023-02-07 10:53:58', '2023-02-07 10:53:58'),
(17, 'Miss Lucile Bechtelar DVM', 'Mr. Myles Rogahn IV', 'kaden.bailey@example.com', 'Danika Weimann', '$2y$10$92IXUNpkjO0rOQ5byMi.Ye4oKoEa3Ro9llC/.og/at2.uheWG/igi', '2023-02-07 10:53:58', '2023-02-07 10:53:58'),
(18, 'Beulah Auer', 'Dina Bergnaum', 'amitchell@example.org', 'Darrin Harris', '$2y$10$92IXUNpkjO0rOQ5byMi.Ye4oKoEa3Ro9llC/.og/at2.uheWG/igi', '2023-02-07 10:53:58', '2023-02-07 10:53:58'),
(19, 'Hyman Bartell V', 'Talia Schuppe', 'nbatz@example.com', 'Paige Bins', '$2y$10$92IXUNpkjO0rOQ5byMi.Ye4oKoEa3Ro9llC/.og/at2.uheWG/igi', '2023-02-07 10:53:58', '2023-02-07 10:53:58'),
(20, 'Darrion Monahan', 'Dr. Edison Mills', 'zrutherford@example.com', 'Hoyt Trantow', '$2y$10$92IXUNpkjO0rOQ5byMi.Ye4oKoEa3Ro9llC/.og/at2.uheWG/igi', '2023-02-07 10:53:58', '2023-02-07 10:53:58'),
(21, 'Prof. Jeffery Langosh', 'Alisa Nicolas', 'alene.bradtke@example.net', 'Mrs. Victoria Nikolaus', '$2y$10$92IXUNpkjO0rOQ5byMi.Ye4oKoEa3Ro9llC/.og/at2.uheWG/igi', '2023-02-07 10:53:58', '2023-02-07 10:53:58'),
(22, 'Dr. Destinee Konopelski Jr.', 'Jordane Beier', 'wava.borer@example.net', 'Consuelo Haley', '$2y$10$92IXUNpkjO0rOQ5byMi.Ye4oKoEa3Ro9llC/.og/at2.uheWG/igi', '2023-02-07 10:53:58', '2023-02-07 10:53:58'),
(23, 'Michael Prosacco', 'Sigurd Murray DDS', 'lavinia75@example.net', 'Prof. Joseph O\'Keefe I', '$2y$10$92IXUNpkjO0rOQ5byMi.Ye4oKoEa3Ro9llC/.og/at2.uheWG/igi', '2023-02-07 10:53:58', '2023-02-07 10:53:58'),
(24, 'Fredrick Nitzsche', 'Mckayla Bergnaum', 'oberbrunner.saige@example.com', 'Aileen Luettgen', '$2y$10$92IXUNpkjO0rOQ5byMi.Ye4oKoEa3Ro9llC/.og/at2.uheWG/igi', '2023-02-07 10:53:58', '2023-02-07 10:53:58'),
(25, 'Flossie Legros', 'Jada Hills', 'liza82@example.com', 'Trever Gutkowski', '$2y$10$92IXUNpkjO0rOQ5byMi.Ye4oKoEa3Ro9llC/.og/at2.uheWG/igi', '2023-02-07 10:53:58', '2023-02-07 10:53:58'),
(26, 'Fay Emard', 'Dr. Marie Crooks', 'vmonahan@example.org', 'Adolf Terry', '$2y$10$92IXUNpkjO0rOQ5byMi.Ye4oKoEa3Ro9llC/.og/at2.uheWG/igi', '2023-02-07 10:53:58', '2023-02-07 10:53:58'),
(27, 'Tristian Reinger', 'Tillman Gottlieb', 'xeichmann@example.net', 'Mortimer Macejkovic', '$2y$10$92IXUNpkjO0rOQ5byMi.Ye4oKoEa3Ro9llC/.og/at2.uheWG/igi', '2023-02-07 10:53:58', '2023-02-07 10:53:58'),
(28, 'Bessie Purdy', 'Markus Graham', 'milan.yundt@example.org', 'Jacklyn Hahn I', '$2y$10$92IXUNpkjO0rOQ5byMi.Ye4oKoEa3Ro9llC/.og/at2.uheWG/igi', '2023-02-07 10:53:58', '2023-02-07 10:53:58'),
(29, 'Ava Funk PhD', 'Candida Hintz', 'ezra.schmidt@example.com', 'Mrs. Ashly Paucek MD', '$2y$10$92IXUNpkjO0rOQ5byMi.Ye4oKoEa3Ro9llC/.og/at2.uheWG/igi', '2023-02-07 10:53:58', '2023-02-07 10:53:58'),
(30, 'Mercedes Wilderman', 'Kenya Pfannerstill', 'nschuppe@example.com', 'Julius Schaden', '$2y$10$92IXUNpkjO0rOQ5byMi.Ye4oKoEa3Ro9llC/.og/at2.uheWG/igi', '2023-02-07 10:53:58', '2023-02-07 10:53:58'),
(31, 'Alvina Ferry', 'Prof. Clare Hoeger', 'qwest@example.net', 'Jazlyn Schmitt', '$2y$10$92IXUNpkjO0rOQ5byMi.Ye4oKoEa3Ro9llC/.og/at2.uheWG/igi', '2023-02-07 10:53:58', '2023-02-07 10:53:58'),
(32, 'Kian Kuhn', 'Mrs. Selena Herzog', 'ilockman@example.net', 'Mrs. Lea Rau', '$2y$10$92IXUNpkjO0rOQ5byMi.Ye4oKoEa3Ro9llC/.og/at2.uheWG/igi', '2023-02-07 10:53:58', '2023-02-07 10:53:58'),
(33, 'Leopold Sipes', 'Oral Dickinson', 'clyde.rosenbaum@example.org', 'Jack Waters', '$2y$10$92IXUNpkjO0rOQ5byMi.Ye4oKoEa3Ro9llC/.og/at2.uheWG/igi', '2023-02-07 10:53:58', '2023-02-07 10:53:58'),
(34, 'Lizzie Harris', 'Mr. Rodrick Raynor DVM', 'alford.terry@example.org', 'Betsy Barton', '$2y$10$92IXUNpkjO0rOQ5byMi.Ye4oKoEa3Ro9llC/.og/at2.uheWG/igi', '2023-02-07 10:53:58', '2023-02-07 10:53:58'),
(35, 'Susanna Mitchell DDS', 'Lavern Koepp', 'letitia53@example.com', 'Adolph Schowalter', '$2y$10$92IXUNpkjO0rOQ5byMi.Ye4oKoEa3Ro9llC/.og/at2.uheWG/igi', '2023-02-07 10:53:58', '2023-02-07 10:53:58'),
(36, 'Miss Leslie Nitzsche', 'Jeffrey Emmerich', 'purdy.alisha@example.com', 'Madelyn Casper', '$2y$10$92IXUNpkjO0rOQ5byMi.Ye4oKoEa3Ro9llC/.og/at2.uheWG/igi', '2023-02-07 10:53:58', '2023-02-07 10:53:58'),
(37, 'Ms. Dixie Abbott III', 'Rupert Mann', 'wolff.rafael@example.com', 'Nickolas Robel DDS', '$2y$10$92IXUNpkjO0rOQ5byMi.Ye4oKoEa3Ro9llC/.og/at2.uheWG/igi', '2023-02-07 10:53:58', '2023-02-07 10:53:58'),
(38, 'Ines Rolfson Jr.', 'Amiya Larkin', 'cheyenne46@example.net', 'Garnet Witting MD', '$2y$10$92IXUNpkjO0rOQ5byMi.Ye4oKoEa3Ro9llC/.og/at2.uheWG/igi', '2023-02-07 10:53:58', '2023-02-07 10:53:58'),
(39, 'Steve Kiehn', 'Alicia Gislason DDS', 'polly.nolan@example.org', 'Ebba Upton', '$2y$10$92IXUNpkjO0rOQ5byMi.Ye4oKoEa3Ro9llC/.og/at2.uheWG/igi', '2023-02-07 10:53:58', '2023-02-07 10:53:58'),
(40, 'Thurman Runolfsdottir', 'Dr. Bryce Hamill V', 'dconroy@example.net', 'Francisco Collins PhD', '$2y$10$92IXUNpkjO0rOQ5byMi.Ye4oKoEa3Ro9llC/.og/at2.uheWG/igi', '2023-02-07 10:53:58', '2023-02-07 10:53:58'),
(41, 'Kayleigh Dare', 'Prof. Merl Ward', 'jammie.parker@example.org', 'Miss Cathryn Cummings IV', '$2y$10$92IXUNpkjO0rOQ5byMi.Ye4oKoEa3Ro9llC/.og/at2.uheWG/igi', '2023-02-07 10:53:58', '2023-02-07 10:53:58'),
(43, 'Arvid Kiehn DVM', 'Jacklyn Boyle', 'harvey80@example.net', 'Jacques Sporer', '$2y$10$92IXUNpkjO0rOQ5byMi.Ye4oKoEa3Ro9llC/.og/at2.uheWG/igi', '2023-02-07 10:53:58', '2023-02-07 10:53:58'),
(44, 'Lukas Ankunding', 'Trystan Wisoky', 'mraz.marcia@example.net', 'Corene Rodriguez', '$2y$10$92IXUNpkjO0rOQ5byMi.Ye4oKoEa3Ro9llC/.og/at2.uheWG/igi', '2023-02-07 10:53:58', '2023-02-07 10:53:58'),
(46, 'Hilda Dietrich', 'Mrs. Elaina Altenwerth II', 'howell.ransom@example.org', 'Audreanne Heller', '$2y$10$92IXUNpkjO0rOQ5byMi.Ye4oKoEa3Ro9llC/.og/at2.uheWG/igi', '2023-02-07 10:53:58', '2023-02-07 10:53:58'),
(47, 'Prof. Rory Heidenreich', 'Demetris Harvey DDS', 'bergnaum.carmen@example.com', 'Prof. Jonas West', '$2y$10$92IXUNpkjO0rOQ5byMi.Ye4oKoEa3Ro9llC/.og/at2.uheWG/igi', '2023-02-07 10:53:58', '2023-02-07 10:53:58'),
(48, 'Trevor Jaskolski', 'Mrs. Margarita Feil V', 'kuvalis.hollis@example.net', 'Delphia Kovacek', '$2y$10$92IXUNpkjO0rOQ5byMi.Ye4oKoEa3Ro9llC/.og/at2.uheWG/igi', '2023-02-07 10:53:58', '2023-02-07 10:53:58'),
(49, 'Lorena Bartell Jr.', 'Johathan Borer', 'loyal42@example.net', 'Mr. Emory Ernser PhD', '$2y$10$92IXUNpkjO0rOQ5byMi.Ye4oKoEa3Ro9llC/.og/at2.uheWG/igi', '2023-02-07 10:53:58', '2023-02-07 10:53:58'),
(50, 'Anibal Bartell DVM', 'Art Mraz', 'liliana97@example.net', 'Prof. Raina Parisian', '$2y$10$92IXUNpkjO0rOQ5byMi.Ye4oKoEa3Ro9llC/.og/at2.uheWG/igi', '2023-02-07 10:53:58', '2023-02-07 10:53:58'),
(51, 'Andre Strosin II', 'Gisselle Dickens', 'ttoy@example.com', 'Jamar Weissnat', '$2y$10$92IXUNpkjO0rOQ5byMi.Ye4oKoEa3Ro9llC/.og/at2.uheWG/igi', '2023-02-07 10:53:58', '2023-02-07 10:53:58'),
(52, 'Patience Goodwin', 'Miss Fabiola Boyer IV', 'antonietta87@example.org', 'Cheyenne Barrows DDS', '$2y$10$92IXUNpkjO0rOQ5byMi.Ye4oKoEa3Ro9llC/.og/at2.uheWG/igi', '2023-02-07 10:53:58', '2023-02-07 10:53:58'),
(53, 'Mr. Adan Bauch I', 'Kaylin Schulist MD', 'larson.taryn@example.com', 'Karine Schumm', '$2y$10$92IXUNpkjO0rOQ5byMi.Ye4oKoEa3Ro9llC/.og/at2.uheWG/igi', '2023-02-07 10:53:58', '2023-02-07 10:53:58'),
(54, 'Briana Effertz', 'Emily Fisher', 'lhirthe@example.org', 'Floy Konopelski', '$2y$10$92IXUNpkjO0rOQ5byMi.Ye4oKoEa3Ro9llC/.og/at2.uheWG/igi', '2023-02-07 10:53:58', '2023-02-07 10:53:58'),
(55, 'Mr. Allen Leannon Sr.', 'Adriel Romaguera', 'reichel.xavier@example.com', 'Miss Lolita Kassulke Jr.', '$2y$10$92IXUNpkjO0rOQ5byMi.Ye4oKoEa3Ro9llC/.og/at2.uheWG/igi', '2023-02-07 10:53:58', '2023-02-07 10:53:58'),
(56, 'Alta Nicolas', 'Mrs. Velma Fay', 'oran50@example.com', 'Maegan Stokes II', '$2y$10$92IXUNpkjO0rOQ5byMi.Ye4oKoEa3Ro9llC/.og/at2.uheWG/igi', '2023-02-07 10:53:58', '2023-02-07 10:53:58'),
(57, 'Darlene Kuhn I', 'Clifford Friesen', 'ena99@example.org', 'Duncan Renner', '$2y$10$92IXUNpkjO0rOQ5byMi.Ye4oKoEa3Ro9llC/.og/at2.uheWG/igi', '2023-02-07 10:53:58', '2023-02-07 10:53:58'),
(58, 'Prof. Rebekah Monahan V', 'Danyka Windler', 'toby.bradtke@example.net', 'Prof. Peggie Gislason Jr.', '$2y$10$92IXUNpkjO0rOQ5byMi.Ye4oKoEa3Ro9llC/.og/at2.uheWG/igi', '2023-02-07 10:53:58', '2023-02-07 10:53:58'),
(59, 'Guadalupe Franecki MD', 'Miss Guadalupe Pouros Sr.', 'tavares45@example.com', 'Prof. Elsa Cronin MD', '$2y$10$92IXUNpkjO0rOQ5byMi.Ye4oKoEa3Ro9llC/.og/at2.uheWG/igi', '2023-02-07 10:53:58', '2023-02-07 10:53:58'),
(60, 'Brittany Schmitt IV', 'Prof. Imogene Gerlach DVM', 'charlie.champlin@example.org', 'Evan Lynch', '$2y$10$92IXUNpkjO0rOQ5byMi.Ye4oKoEa3Ro9llC/.og/at2.uheWG/igi', '2023-02-07 10:53:58', '2023-02-07 10:53:58'),
(61, 'Eliane Fadel', 'Adrienne Krajcik', 'lauren.champlin@example.com', 'Abdul Bechtelar', '$2y$10$92IXUNpkjO0rOQ5byMi.Ye4oKoEa3Ro9llC/.og/at2.uheWG/igi', '2023-02-07 10:53:58', '2023-02-07 10:53:58'),
(62, 'Terry Mraz', 'Ms. Luisa Emmerich', 'bhayes@example.com', 'Clair Hackett', '$2y$10$92IXUNpkjO0rOQ5byMi.Ye4oKoEa3Ro9llC/.og/at2.uheWG/igi', '2023-02-07 10:53:58', '2023-02-07 10:53:58'),
(63, 'Hector Fisher', 'Prof. Linwood Frami II', 'estoltenberg@example.net', 'Cynthia Kuhic', '$2y$10$92IXUNpkjO0rOQ5byMi.Ye4oKoEa3Ro9llC/.og/at2.uheWG/igi', '2023-02-07 10:53:58', '2023-02-07 10:53:58'),
(64, 'Dr. Delphia Murphy PhD', 'Angelo Heathcote', 'jarrell.strosin@example.net', 'Arnulfo Howell', '$2y$10$92IXUNpkjO0rOQ5byMi.Ye4oKoEa3Ro9llC/.og/at2.uheWG/igi', '2023-02-07 10:53:58', '2023-02-07 10:53:58'),
(65, 'Name Watsica', 'Prof. Garnett Collins', 'gabe51@example.com', 'Dr. Conrad Wiza V', '$2y$10$92IXUNpkjO0rOQ5byMi.Ye4oKoEa3Ro9llC/.og/at2.uheWG/igi', '2023-02-07 10:53:58', '2023-02-07 10:53:58'),
(66, 'Vidal Connelly', 'Colt Monahan', 'vandervort.javonte@example.net', 'Mr. Stanford Reichert', '$2y$10$92IXUNpkjO0rOQ5byMi.Ye4oKoEa3Ro9llC/.og/at2.uheWG/igi', '2023-02-07 10:53:58', '2023-02-07 10:53:58'),
(67, 'Zoila Ankunding', 'Nia Bednar', 'hilpert.myah@example.com', 'Gust Lang', '$2y$10$92IXUNpkjO0rOQ5byMi.Ye4oKoEa3Ro9llC/.og/at2.uheWG/igi', '2023-02-07 10:53:58', '2023-02-07 10:53:58'),
(68, 'Sydni Sporer II', 'Mariam Kerluke', 'klein.jarrell@example.net', 'Izaiah Grimes', '$2y$10$92IXUNpkjO0rOQ5byMi.Ye4oKoEa3Ro9llC/.og/at2.uheWG/igi', '2023-02-07 10:53:58', '2023-02-07 10:53:58'),
(69, 'Ms. Sandy Price', 'Mellie Koepp V', 'orn.luna@example.com', 'Mrs. Alexandria Hintz', '$2y$10$92IXUNpkjO0rOQ5byMi.Ye4oKoEa3Ro9llC/.og/at2.uheWG/igi', '2023-02-07 10:53:58', '2023-02-07 10:53:58'),
(70, 'Mr. Eric Kuhlman Sr.', 'Amara Steuber DVM', 'zreichert@example.com', 'Regan O\'Conner', '$2y$10$92IXUNpkjO0rOQ5byMi.Ye4oKoEa3Ro9llC/.og/at2.uheWG/igi', '2023-02-07 10:53:58', '2023-02-07 10:53:58'),
(71, 'Otto Haag', 'Wendy Kozey', 'jwalker@example.com', 'Wyatt Feest', '$2y$10$92IXUNpkjO0rOQ5byMi.Ye4oKoEa3Ro9llC/.og/at2.uheWG/igi', '2023-02-07 10:53:58', '2023-02-07 10:53:58'),
(72, 'Thurman Weissnat', 'Cruz McClure', 'hmcglynn@example.net', 'Myra Aufderhar', '$2y$10$92IXUNpkjO0rOQ5byMi.Ye4oKoEa3Ro9llC/.og/at2.uheWG/igi', '2023-02-07 10:53:58', '2023-02-07 10:53:58'),
(73, 'Prof. Kelsi McLaughlin', 'Prof. Norval Corwin II', 'larson.estevan@example.net', 'Roselyn Rosenbaum', '$2y$10$92IXUNpkjO0rOQ5byMi.Ye4oKoEa3Ro9llC/.og/at2.uheWG/igi', '2023-02-07 10:53:58', '2023-02-07 10:53:58'),
(74, 'Reuben Mraz', 'Nyah Beatty', 'mohammad67@example.net', 'Mr. Jules Moore', '$2y$10$92IXUNpkjO0rOQ5byMi.Ye4oKoEa3Ro9llC/.og/at2.uheWG/igi', '2023-02-07 10:53:58', '2023-02-07 10:53:58'),
(75, 'Nestor Borer', 'Kevin Murphy', 'naomie99@example.com', 'Ellsworth Hane', '$2y$10$92IXUNpkjO0rOQ5byMi.Ye4oKoEa3Ro9llC/.og/at2.uheWG/igi', '2023-02-07 10:53:58', '2023-02-07 10:53:58'),
(76, 'Miss Theodora Sporer IV', 'Kali Reichert', 'mclaughlin.zora@example.org', 'Dayana Koepp', '$2y$10$92IXUNpkjO0rOQ5byMi.Ye4oKoEa3Ro9llC/.og/at2.uheWG/igi', '2023-02-07 10:53:58', '2023-02-07 10:53:58'),
(77, 'Dovie Wehner', 'Mr. Rosendo Hartmann', 'emilio.kutch@example.net', 'Elliott Ward I', '$2y$10$92IXUNpkjO0rOQ5byMi.Ye4oKoEa3Ro9llC/.og/at2.uheWG/igi', '2023-02-07 10:53:58', '2023-02-07 10:53:58'),
(78, 'Naomi Stehr', 'Marquise Crooks', 'adolfo.hand@example.org', 'Reymundo Runolfsson', '$2y$10$92IXUNpkjO0rOQ5byMi.Ye4oKoEa3Ro9llC/.og/at2.uheWG/igi', '2023-02-07 10:53:58', '2023-02-07 10:53:58'),
(79, 'Kylie Cartwright', 'Dr. Lori Kiehn', 'tianna36@example.net', 'Lempi Jast', '$2y$10$92IXUNpkjO0rOQ5byMi.Ye4oKoEa3Ro9llC/.og/at2.uheWG/igi', '2023-02-07 10:53:58', '2023-02-07 10:53:58'),
(80, 'Mr. Ryley Harris DDS', 'Elenor Bauch', 'krystina.rodriguez@example.net', 'Stanton Lebsack', '$2y$10$92IXUNpkjO0rOQ5byMi.Ye4oKoEa3Ro9llC/.og/at2.uheWG/igi', '2023-02-07 10:53:58', '2023-02-07 10:53:58'),
(81, 'Nina Trantow', 'Rudy Konopelski', 'kjakubowski@example.net', 'Abdullah Upton IV', '$2y$10$92IXUNpkjO0rOQ5byMi.Ye4oKoEa3Ro9llC/.og/at2.uheWG/igi', '2023-02-07 10:53:58', '2023-02-07 10:53:58'),
(82, 'Daron Wintheiser', 'Ara Corwin DVM', 'nmorissette@example.net', 'Adah Turner', '$2y$10$92IXUNpkjO0rOQ5byMi.Ye4oKoEa3Ro9llC/.og/at2.uheWG/igi', '2023-02-07 10:53:58', '2023-02-07 10:53:58'),
(83, 'Joaquin Kozey', 'Miss Raina Quigley', 'lori75@example.com', 'Mr. Isaiah Langworth DVM', '$2y$10$92IXUNpkjO0rOQ5byMi.Ye4oKoEa3Ro9llC/.og/at2.uheWG/igi', '2023-02-07 10:53:58', '2023-02-07 10:53:58'),
(84, 'Dashawn Steuber', 'Prof. Kelvin Boyle', 'cmurray@example.org', 'Skye Daniel', '$2y$10$92IXUNpkjO0rOQ5byMi.Ye4oKoEa3Ro9llC/.og/at2.uheWG/igi', '2023-02-07 10:53:58', '2023-02-07 10:53:58'),
(85, 'Selena Wilderman', 'Ned Rippin IV', 'kelvin.parisian@example.org', 'Dolores Daniel', '$2y$10$92IXUNpkjO0rOQ5byMi.Ye4oKoEa3Ro9llC/.og/at2.uheWG/igi', '2023-02-07 10:53:58', '2023-02-07 10:53:58'),
(86, 'Dr. Dorris Adams', 'Miss Marlee Johns', 'hills.delia@example.org', 'Dr. Lou Jacobs', '$2y$10$92IXUNpkjO0rOQ5byMi.Ye4oKoEa3Ro9llC/.og/at2.uheWG/igi', '2023-02-07 10:53:58', '2023-02-07 10:53:58'),
(87, 'Roel Hartmann', 'Sophie Thompson I', 'qturcotte@example.com', 'Delbert Labadie', '$2y$10$92IXUNpkjO0rOQ5byMi.Ye4oKoEa3Ro9llC/.og/at2.uheWG/igi', '2023-02-07 10:53:58', '2023-02-07 10:53:58'),
(88, 'Stefan Johnson', 'Chaim Bode', 'asa.hayes@example.com', 'Garnett Greenholt', '$2y$10$92IXUNpkjO0rOQ5byMi.Ye4oKoEa3Ro9llC/.og/at2.uheWG/igi', '2023-02-07 10:53:58', '2023-02-07 10:53:58'),
(89, 'Philip Jakubowski', 'Mikel Fay', 'keagan27@example.net', 'Estevan Walter', '$2y$10$92IXUNpkjO0rOQ5byMi.Ye4oKoEa3Ro9llC/.og/at2.uheWG/igi', '2023-02-07 10:53:58', '2023-02-07 10:53:58'),
(90, 'Dr. Jaylan Orn PhD', 'Roscoe Wolf', 'west.philip@example.org', 'Laney King', '$2y$10$92IXUNpkjO0rOQ5byMi.Ye4oKoEa3Ro9llC/.og/at2.uheWG/igi', '2023-02-07 10:53:58', '2023-02-07 10:53:58'),
(91, 'Barney Eichmann', 'Prof. Emory Halvorson IV', 'swolff@example.org', 'Alverta Erdman', '$2y$10$92IXUNpkjO0rOQ5byMi.Ye4oKoEa3Ro9llC/.og/at2.uheWG/igi', '2023-02-07 10:53:58', '2023-02-07 10:53:58'),
(92, 'Tina Lebsack', 'Lincoln Corwin', 'dleannon@example.com', 'Monte Parisian Sr.', '$2y$10$92IXUNpkjO0rOQ5byMi.Ye4oKoEa3Ro9llC/.og/at2.uheWG/igi', '2023-02-07 10:53:58', '2023-02-07 10:53:58'),
(93, 'Tyrel Monahan', 'Adriel Bosco', 'nathen17@example.org', 'Gina Yost', '$2y$10$92IXUNpkjO0rOQ5byMi.Ye4oKoEa3Ro9llC/.og/at2.uheWG/igi', '2023-02-07 10:53:58', '2023-02-07 10:53:58'),
(94, 'Dr. Zelma Volkman', 'Evans Lehner I', 'nils.dibbert@example.org', 'Hilma Haag', '$2y$10$92IXUNpkjO0rOQ5byMi.Ye4oKoEa3Ro9llC/.og/at2.uheWG/igi', '2023-02-07 10:53:58', '2023-02-07 10:53:58'),
(95, 'Prof. Felton O\'Hara II', 'Dr. Oleta Streich', 'jonatan.labadie@example.org', 'Remington Leannon', '$2y$10$92IXUNpkjO0rOQ5byMi.Ye4oKoEa3Ro9llC/.og/at2.uheWG/igi', '2023-02-07 10:53:58', '2023-02-07 10:53:58'),
(96, 'Wendy Mosciski', 'Mrs. Shany Leffler', 'charlotte18@example.net', 'August Pagac', '$2y$10$92IXUNpkjO0rOQ5byMi.Ye4oKoEa3Ro9llC/.og/at2.uheWG/igi', '2023-02-07 10:53:58', '2023-02-07 10:53:58'),
(97, 'Dr. Eric Feil', 'Daphnee McDermott', 'stella84@example.com', 'Dr. Ariel Robel DVM', '$2y$10$92IXUNpkjO0rOQ5byMi.Ye4oKoEa3Ro9llC/.og/at2.uheWG/igi', '2023-02-07 10:53:58', '2023-02-07 10:53:58'),
(98, 'Ardith Gerhold', 'Dr. Lavina Emard', 'lubowitz.kelvin@example.org', 'Miss Tania Konopelski', '$2y$10$92IXUNpkjO0rOQ5byMi.Ye4oKoEa3Ro9llC/.og/at2.uheWG/igi', '2023-02-07 10:53:58', '2023-02-07 10:53:58'),
(99, 'Hertha Durgan', 'Ms. Ramona Bernier', 'mina.block@example.com', 'Miss Yoshiko Maggio DVM', '$2y$10$92IXUNpkjO0rOQ5byMi.Ye4oKoEa3Ro9llC/.og/at2.uheWG/igi', '2023-02-07 10:53:58', '2023-02-07 10:53:58'),
(100, 'Marshall Lang', 'Rudolph Cronin DDS', 'earnest.hyatt@example.org', 'Miss Bryana Herzog V', '$2y$10$92IXUNpkjO0rOQ5byMi.Ye4oKoEa3Ro9llC/.og/at2.uheWG/igi', '2023-02-07 10:53:58', '2023-02-07 10:53:58'),
(101, 'Prof. Aric Ankunding', 'Mr. Floyd Gibson', 'ullrich.jammie@example.org', 'Blaise King', '$2y$10$92IXUNpkjO0rOQ5byMi.Ye4oKoEa3Ro9llC/.og/at2.uheWG/igi', '2023-02-07 10:53:58', '2023-02-07 10:53:58'),
(102, 'Graham Wisozk', 'Helmer Lind', 'cortney52@example.org', 'Flossie West', '$2y$10$92IXUNpkjO0rOQ5byMi.Ye4oKoEa3Ro9llC/.og/at2.uheWG/igi', '2023-02-07 10:53:58', '2023-02-07 10:53:58'),
(103, 'Cletus Schmeler', 'Mr. Furman Green DDS', 'rylee23@example.net', 'Greta Gleichner', '$2y$10$92IXUNpkjO0rOQ5byMi.Ye4oKoEa3Ro9llC/.og/at2.uheWG/igi', '2023-02-07 10:53:58', '2023-02-07 10:53:58'),
(104, 'Allison Konopelski', 'Rebekah Abshire', 'mafalda.zemlak@example.net', 'Dr. Gay Lakin PhD', '$2y$10$92IXUNpkjO0rOQ5byMi.Ye4oKoEa3Ro9llC/.og/at2.uheWG/igi', '2023-02-07 10:53:58', '2023-02-07 10:53:58'),
(105, 'Willard Spinka', 'Fred McCullough', 'melvina.sipes@example.net', 'Janelle Streich', '$2y$10$92IXUNpkjO0rOQ5byMi.Ye4oKoEa3Ro9llC/.og/at2.uheWG/igi', '2023-02-07 10:53:58', '2023-02-07 10:53:58'),
(106, 'Dr. Marilyne Price', 'Dr. Ophelia Bernier', 'alva35@example.com', 'Richmond Braun', '$2y$10$92IXUNpkjO0rOQ5byMi.Ye4oKoEa3Ro9llC/.og/at2.uheWG/igi', '2023-02-07 10:53:58', '2023-02-07 10:53:58'),
(107, 'Lucie Donnelly', 'Sherwood Zulauf', 'stefanie66@example.net', 'Alisa Harris', '$2y$10$92IXUNpkjO0rOQ5byMi.Ye4oKoEa3Ro9llC/.og/at2.uheWG/igi', '2023-02-07 10:53:58', '2023-02-07 10:53:58'),
(108, 'Ola Rutherford', 'Abdul Prohaska', 'brigitte.mcdermott@example.net', 'Skye Wiza', '$2y$10$92IXUNpkjO0rOQ5byMi.Ye4oKoEa3Ro9llC/.og/at2.uheWG/igi', '2023-02-07 10:53:58', '2023-02-07 10:53:58'),
(109, 'Connie Champlin', 'Lavinia Raynor', 'rking@example.org', 'Jamir Cole', '$2y$10$92IXUNpkjO0rOQ5byMi.Ye4oKoEa3Ro9llC/.og/at2.uheWG/igi', '2023-02-07 10:53:58', '2023-02-07 10:53:58'),
(110, 'Mrs. Agnes West', 'Mallie Haley', 'lorena03@example.net', 'Yadira Hettinger', '$2y$10$92IXUNpkjO0rOQ5byMi.Ye4oKoEa3Ro9llC/.og/at2.uheWG/igi', '2023-02-07 10:53:58', '2023-02-07 10:53:58'),
(111, 'Andrew Legros', 'Kali Botsford', 'rahul57@example.com', 'Brendan Fadel', '$2y$10$92IXUNpkjO0rOQ5byMi.Ye4oKoEa3Ro9llC/.og/at2.uheWG/igi', '2023-02-07 10:53:58', '2023-02-07 10:53:58'),
(112, 'Petra Renner', 'Elwin Gorczany', 'lamar79@example.net', 'Tremayne Weimann III', '$2y$10$92IXUNpkjO0rOQ5byMi.Ye4oKoEa3Ro9llC/.og/at2.uheWG/igi', '2023-02-07 10:53:58', '2023-02-07 10:53:58'),
(113, 'Ethyl Von', 'Armand Yundt', 'abigayle18@example.org', 'Colton Renner', '$2y$10$92IXUNpkjO0rOQ5byMi.Ye4oKoEa3Ro9llC/.og/at2.uheWG/igi', '2023-02-07 10:53:58', '2023-02-07 10:53:58'),
(114, 'Ara Watsica', 'Alek Abernathy', 'allie42@example.net', 'Alden Abernathy', '$2y$10$92IXUNpkjO0rOQ5byMi.Ye4oKoEa3Ro9llC/.og/at2.uheWG/igi', '2023-02-07 10:53:58', '2023-02-07 10:53:58'),
(115, 'Flo Bergstrom', 'Karina Bernhard PhD', 'russell.mckenzie@example.org', 'Clifford Kiehn', '$2y$10$92IXUNpkjO0rOQ5byMi.Ye4oKoEa3Ro9llC/.og/at2.uheWG/igi', '2023-02-07 10:53:58', '2023-02-07 10:53:58'),
(116, 'Nigel Davis', 'Laverne Kreiger', 'katarina29@example.org', 'Miss Georgiana Hoeger V', '$2y$10$92IXUNpkjO0rOQ5byMi.Ye4oKoEa3Ro9llC/.og/at2.uheWG/igi', '2023-02-07 10:53:58', '2023-02-07 10:53:58'),
(117, 'Mathias O\'Reilly', 'Christine Price', 'kihn.dawn@example.org', 'Dr. Rhett Nikolaus', '$2y$10$92IXUNpkjO0rOQ5byMi.Ye4oKoEa3Ro9llC/.og/at2.uheWG/igi', '2023-02-07 10:53:58', '2023-02-07 10:53:58'),
(118, 'Maureen Hane', 'Katherine Berge', 'virginia.barton@example.org', 'Adaline Casper III', '$2y$10$92IXUNpkjO0rOQ5byMi.Ye4oKoEa3Ro9llC/.og/at2.uheWG/igi', '2023-02-07 10:53:58', '2023-02-07 10:53:58'),
(119, 'Edwina Doyle MD', 'Dandre McKenzie', 'sauer.ardella@example.org', 'Eli Watsica', '$2y$10$92IXUNpkjO0rOQ5byMi.Ye4oKoEa3Ro9llC/.og/at2.uheWG/igi', '2023-02-07 10:53:58', '2023-02-07 10:53:58'),
(120, 'Koby Tromp', 'Stephany Friesen I', 'stehr.rosella@example.net', 'Lyda Veum', '$2y$10$92IXUNpkjO0rOQ5byMi.Ye4oKoEa3Ro9llC/.og/at2.uheWG/igi', '2023-02-07 10:53:58', '2023-02-07 10:53:58'),
(121, 'Clifton Connelly', 'Dr. Linnea Little III', 'cartwright.waylon@example.com', 'Baby Hagenes', '$2y$10$92IXUNpkjO0rOQ5byMi.Ye4oKoEa3Ro9llC/.og/at2.uheWG/igi', '2023-02-07 10:53:58', '2023-02-07 10:53:58'),
(122, 'Ms. Tressie Grant V', 'Josephine Tromp', 'wilfredo.kiehn@example.net', 'Dee Conn IV', '$2y$10$92IXUNpkjO0rOQ5byMi.Ye4oKoEa3Ro9llC/.og/at2.uheWG/igi', '2023-02-07 10:53:58', '2023-02-07 10:53:58'),
(123, 'Cydney Jones DVM', 'Josiah Lakin Sr.', 'batz.elody@example.net', 'Lea Murphy', '$2y$10$92IXUNpkjO0rOQ5byMi.Ye4oKoEa3Ro9llC/.og/at2.uheWG/igi', '2023-02-07 10:53:58', '2023-02-07 10:53:58'),
(124, 'Ms. Eliza Kohler', 'Sherman Runte IV', 'jschroeder@example.org', 'Curt Okuneva', '$2y$10$92IXUNpkjO0rOQ5byMi.Ye4oKoEa3Ro9llC/.og/at2.uheWG/igi', '2023-02-07 10:53:58', '2023-02-07 10:53:58'),
(125, 'Ms. Rosemarie Kirlin II', 'Miss Alice Sporer', 'olaf.hirthe@example.com', 'Mr. Gerson Kassulke', '$2y$10$92IXUNpkjO0rOQ5byMi.Ye4oKoEa3Ro9llC/.og/at2.uheWG/igi', '2023-02-07 10:53:58', '2023-02-07 10:53:58'),
(126, 'Roberta Gusikowski DDS', 'Cristobal Abernathy', 'cloyd.wiegand@example.org', 'Dr. Al Huel Sr.', '$2y$10$92IXUNpkjO0rOQ5byMi.Ye4oKoEa3Ro9llC/.og/at2.uheWG/igi', '2023-02-07 10:53:58', '2023-02-07 10:53:58'),
(127, 'Mackenzie D\'Amore', 'Aurelie Howell', 'hobart.koch@example.org', 'Heath Walsh DDS', '$2y$10$92IXUNpkjO0rOQ5byMi.Ye4oKoEa3Ro9llC/.og/at2.uheWG/igi', '2023-02-07 10:53:58', '2023-02-07 10:53:58'),
(128, 'Dr. Guy Vandervort Jr.', 'Aurelie Funk', 'ella.lakin@example.org', 'Judd Lakin', '$2y$10$92IXUNpkjO0rOQ5byMi.Ye4oKoEa3Ro9llC/.og/at2.uheWG/igi', '2023-02-07 10:53:58', '2023-02-07 10:53:58'),
(129, 'Brannon Waelchi', 'Deonte Nicolas Jr.', 'clare.kuhn@example.com', 'Dr. Adella Hirthe', '$2y$10$92IXUNpkjO0rOQ5byMi.Ye4oKoEa3Ro9llC/.og/at2.uheWG/igi', '2023-02-07 10:53:58', '2023-02-07 10:53:58'),
(130, 'Dr. Bruce Marvin MD', 'Kristina Kub', 'anastacio75@example.com', 'Ms. Eryn Wiza MD', '$2y$10$92IXUNpkjO0rOQ5byMi.Ye4oKoEa3Ro9llC/.og/at2.uheWG/igi', '2023-02-07 10:53:58', '2023-02-07 10:53:58'),
(131, 'Humberto Aufderhar', 'Miss Adella Cole Jr.', 'dagmar53@example.com', 'Mrs. Carlotta Rau', '$2y$10$92IXUNpkjO0rOQ5byMi.Ye4oKoEa3Ro9llC/.og/at2.uheWG/igi', '2023-02-07 10:53:58', '2023-02-07 10:53:58'),
(132, 'Halie VonRueden', 'Briana Franecki', 'reinger.leta@example.net', 'Caleigh Roob', '$2y$10$92IXUNpkjO0rOQ5byMi.Ye4oKoEa3Ro9llC/.og/at2.uheWG/igi', '2023-02-07 10:53:58', '2023-02-07 10:53:58'),
(133, 'Filomena Stark', 'Margarete Daniel', 'oreilly.lesly@example.net', 'Claude Considine', '$2y$10$92IXUNpkjO0rOQ5byMi.Ye4oKoEa3Ro9llC/.og/at2.uheWG/igi', '2023-02-07 10:53:58', '2023-02-07 10:53:58'),
(134, 'Dave Gerlach', 'Gregorio Gleichner', 'sbednar@example.net', 'Dax Bogisich', '$2y$10$92IXUNpkjO0rOQ5byMi.Ye4oKoEa3Ro9llC/.og/at2.uheWG/igi', '2023-02-07 10:53:58', '2023-02-07 10:53:58'),
(135, 'Zena Lindgren', 'Edyth Volkman', 'yost.demond@example.com', 'Prof. Rubie Bogan', '$2y$10$92IXUNpkjO0rOQ5byMi.Ye4oKoEa3Ro9llC/.og/at2.uheWG/igi', '2023-02-07 10:53:58', '2023-02-07 10:53:58'),
(136, 'Prof. Kamren Schamberger', 'Hilbert Schumm', 'anastacio.spinka@example.com', 'Ray Kohler', '$2y$10$92IXUNpkjO0rOQ5byMi.Ye4oKoEa3Ro9llC/.og/at2.uheWG/igi', '2023-02-07 10:53:58', '2023-02-07 10:53:58'),
(137, 'Estel Volkman', 'Vincenza VonRueden', 'boreilly@example.org', 'Prof. Kelli Schaden III', '$2y$10$92IXUNpkjO0rOQ5byMi.Ye4oKoEa3Ro9llC/.og/at2.uheWG/igi', '2023-02-07 10:53:58', '2023-02-07 10:53:58'),
(138, 'Carson Corwin', 'Mittie Sawayn', 'jcummerata@example.org', 'Aurelio Cartwright', '$2y$10$92IXUNpkjO0rOQ5byMi.Ye4oKoEa3Ro9llC/.og/at2.uheWG/igi', '2023-02-07 10:53:58', '2023-02-07 10:53:58'),
(139, 'Ludwig Reynolds', 'Madelyn Green', 'ila.hirthe@example.org', 'Aida Hansen DVM', '$2y$10$92IXUNpkjO0rOQ5byMi.Ye4oKoEa3Ro9llC/.og/at2.uheWG/igi', '2023-02-07 10:53:58', '2023-02-07 10:53:58'),
(140, 'Tre Simonis IV', 'Cleta Oberbrunner', 'xgutkowski@example.org', 'Eileen Blanda', '$2y$10$92IXUNpkjO0rOQ5byMi.Ye4oKoEa3Ro9llC/.og/at2.uheWG/igi', '2023-02-07 10:53:58', '2023-02-07 10:53:58'),
(141, 'Bette Blick IV', 'Tad Greenfelder', 'kerluke.lazaro@example.net', 'Cordia Swaniawski', '$2y$10$92IXUNpkjO0rOQ5byMi.Ye4oKoEa3Ro9llC/.og/at2.uheWG/igi', '2023-02-07 10:53:58', '2023-02-07 10:53:58'),
(142, 'Bernadette Larson', 'Clarissa Heller', 'hammes.miracle@example.com', 'Felipa Kessler', '$2y$10$92IXUNpkjO0rOQ5byMi.Ye4oKoEa3Ro9llC/.og/at2.uheWG/igi', '2023-02-07 10:53:58', '2023-02-07 10:53:58'),
(143, 'Prof. Salma Morissette', 'Mr. Derrick Jacobson IV', 'kyla.kunze@example.com', 'Felipa Rowe', '$2y$10$92IXUNpkjO0rOQ5byMi.Ye4oKoEa3Ro9llC/.og/at2.uheWG/igi', '2023-02-07 10:53:58', '2023-02-07 10:53:58'),
(144, 'Miss Alicia Sanford', 'Kailyn Connelly', 'leuschke.pattie@example.org', 'Dr. Lance Ankunding I', '$2y$10$92IXUNpkjO0rOQ5byMi.Ye4oKoEa3Ro9llC/.og/at2.uheWG/igi', '2023-02-07 10:53:58', '2023-02-07 10:53:58'),
(145, 'Dr. Coby Goldner', 'Mrs. Leola Gutkowski DVM', 'huels.kaela@example.net', 'Dr. Danika Spinka', '$2y$10$92IXUNpkjO0rOQ5byMi.Ye4oKoEa3Ro9llC/.og/at2.uheWG/igi', '2023-02-07 10:53:58', '2023-02-07 10:53:58'),
(146, 'Dr. Zoie Skiles', 'Ruben Bahringer PhD', 'tjacobson@example.net', 'Ms. Carolyn Hahn MD', '$2y$10$92IXUNpkjO0rOQ5byMi.Ye4oKoEa3Ro9llC/.og/at2.uheWG/igi', '2023-02-07 10:53:58', '2023-02-07 10:53:58'),
(147, 'Emie Goyette', 'Maybelle Mosciski', 'wschimmel@example.org', 'Alvina Mayer', '$2y$10$92IXUNpkjO0rOQ5byMi.Ye4oKoEa3Ro9llC/.og/at2.uheWG/igi', '2023-02-07 10:53:58', '2023-02-07 10:53:58'),
(148, 'Dayna Murray', 'Kianna Miller', 'claude.lueilwitz@example.net', 'Ms. Dasia Bernier', '$2y$10$92IXUNpkjO0rOQ5byMi.Ye4oKoEa3Ro9llC/.og/at2.uheWG/igi', '2023-02-07 10:53:58', '2023-02-07 10:53:58'),
(149, 'Denis Stanton Sr.', 'Nigel Hand', 'priscilla.dickens@example.net', 'Ms. Kiera Klocko', '$2y$10$92IXUNpkjO0rOQ5byMi.Ye4oKoEa3Ro9llC/.og/at2.uheWG/igi', '2023-02-07 10:53:58', '2023-02-07 10:53:58'),
(150, 'Leonard Bernier Jr.', 'Dr. Grayson Wintheiser III', 'nels.ziemann@example.com', 'Mr. Chadrick Reichert MD', '$2y$10$92IXUNpkjO0rOQ5byMi.Ye4oKoEa3Ro9llC/.og/at2.uheWG/igi', '2023-02-07 10:53:58', '2023-02-07 10:53:58'),
(151, 'Kip Langosh', 'Krystal Hodkiewicz DDS', 'don50@example.com', 'Isabelle Emard', '$2y$10$92IXUNpkjO0rOQ5byMi.Ye4oKoEa3Ro9llC/.og/at2.uheWG/igi', '2023-02-07 10:53:58', '2023-02-07 10:53:58'),
(152, 'Lindsay Cremin', 'Mrs. Chelsea Kunze', 'dock72@example.com', 'Darrel Keebler', '$2y$10$92IXUNpkjO0rOQ5byMi.Ye4oKoEa3Ro9llC/.og/at2.uheWG/igi', '2023-02-07 10:53:58', '2023-02-07 10:53:58'),
(153, 'Prof. Clyde Stokes Sr.', 'Clarabelle Romaguera IV', 'rhuels@example.com', 'Nicholaus Runte MD', '$2y$10$92IXUNpkjO0rOQ5byMi.Ye4oKoEa3Ro9llC/.og/at2.uheWG/igi', '2023-02-07 10:53:58', '2023-02-07 10:53:58'),
(154, 'Miss Burdette Boyer DDS', 'Pietro Crooks DDS', 'nia24@example.net', 'Mrs. Joanne Goyette', '$2y$10$92IXUNpkjO0rOQ5byMi.Ye4oKoEa3Ro9llC/.og/at2.uheWG/igi', '2023-02-07 10:53:58', '2023-02-07 10:53:58'),
(155, 'Marilyne Ankunding', 'Reyes Greenholt', 'art.watsica@example.com', 'Dr. Vaughn Considine', '$2y$10$92IXUNpkjO0rOQ5byMi.Ye4oKoEa3Ro9llC/.og/at2.uheWG/igi', '2023-02-07 10:53:58', '2023-02-07 10:53:58'),
(156, 'Dr. Rickie Nikolaus V', 'Prof. Lindsay Erdman', 'bettye.schroeder@example.net', 'Edyth Walter', '$2y$10$92IXUNpkjO0rOQ5byMi.Ye4oKoEa3Ro9llC/.og/at2.uheWG/igi', '2023-02-07 10:53:58', '2023-02-07 10:53:58'),
(157, 'Anita Von', 'Miss Agustina Hudson PhD', 'hyatt.chaim@example.org', 'Aiden Lowe', '$2y$10$92IXUNpkjO0rOQ5byMi.Ye4oKoEa3Ro9llC/.og/at2.uheWG/igi', '2023-02-07 10:53:58', '2023-02-07 10:53:58'),
(158, 'Prof. Matilda Bogisich', 'Walton Dicki', 'parisian.kathryn@example.com', 'Alfonzo Zemlak', '$2y$10$92IXUNpkjO0rOQ5byMi.Ye4oKoEa3Ro9llC/.og/at2.uheWG/igi', '2023-02-07 10:53:58', '2023-02-07 10:53:58'),
(159, 'Arturo Hintz III', 'Mr. Schuyler Strosin III', 'bgorczany@example.net', 'Mr. Raul Satterfield PhD', '$2y$10$92IXUNpkjO0rOQ5byMi.Ye4oKoEa3Ro9llC/.og/at2.uheWG/igi', '2023-02-07 10:53:58', '2023-02-07 10:53:58'),
(160, 'Prof. Meaghan Thiel', 'Ms. Ella Fadel PhD', 'kfritsch@example.com', 'Carole Fadel', '$2y$10$92IXUNpkjO0rOQ5byMi.Ye4oKoEa3Ro9llC/.og/at2.uheWG/igi', '2023-02-07 10:53:58', '2023-02-07 10:53:58'),
(161, 'Miss Antonia Yost', 'Miss Gilda Bogisich', 'feeney.vida@example.net', 'Mrs. Frances Bednar', '$2y$10$92IXUNpkjO0rOQ5byMi.Ye4oKoEa3Ro9llC/.og/at2.uheWG/igi', '2023-02-07 10:53:58', '2023-02-07 10:53:58'),
(162, 'Roxane Bradtke', 'Miss Kenyatta Grant', 'dawn76@example.net', 'Miss Danika Daugherty Jr.', '$2y$10$92IXUNpkjO0rOQ5byMi.Ye4oKoEa3Ro9llC/.og/at2.uheWG/igi', '2023-02-07 10:53:58', '2023-02-07 10:53:58'),
(163, 'Dr. Kelley Daugherty', 'Mr. Cortez Kuhn DDS', 'svolkman@example.com', 'Maddison Parisian', '$2y$10$92IXUNpkjO0rOQ5byMi.Ye4oKoEa3Ro9llC/.og/at2.uheWG/igi', '2023-02-07 10:53:58', '2023-02-07 10:53:58'),
(164, 'Khalil Fadel', 'Prof. Keyshawn Blanda', 'sidney14@example.com', 'Edmond Becker V', '$2y$10$92IXUNpkjO0rOQ5byMi.Ye4oKoEa3Ro9llC/.og/at2.uheWG/igi', '2023-02-07 10:53:58', '2023-02-07 10:53:58'),
(165, 'Nicola Padberg V', 'Trey Jones', 'lurline.weber@example.net', 'Savanah Daniel DDS', '$2y$10$92IXUNpkjO0rOQ5byMi.Ye4oKoEa3Ro9llC/.og/at2.uheWG/igi', '2023-02-07 10:53:58', '2023-02-07 10:53:58'),
(166, 'Bernard Willms DVM', 'Miss Brittany Greenholt', 'schowalter.darwin@example.com', 'Prof. Stephanie Krajcik MD', '$2y$10$92IXUNpkjO0rOQ5byMi.Ye4oKoEa3Ro9llC/.og/at2.uheWG/igi', '2023-02-07 10:53:58', '2023-02-07 10:53:58'),
(167, 'Twila Graham', 'Lexi Cremin', 'maude.davis@example.org', 'Prof. Pamela Hegmann III', '$2y$10$92IXUNpkjO0rOQ5byMi.Ye4oKoEa3Ro9llC/.og/at2.uheWG/igi', '2023-02-07 10:53:58', '2023-02-07 10:53:58'),
(168, 'Dr. Lula Cole DDS', 'Dr. Demond Boyer Jr.', 'dbahringer@example.com', 'Mr. Ransom Swift', '$2y$10$92IXUNpkjO0rOQ5byMi.Ye4oKoEa3Ro9llC/.og/at2.uheWG/igi', '2023-02-07 10:53:58', '2023-02-07 10:53:58'),
(169, 'Unique Ebert', 'Jovan Hegmann III', 'vkautzer@example.net', 'Isabelle Stracke', '$2y$10$92IXUNpkjO0rOQ5byMi.Ye4oKoEa3Ro9llC/.og/at2.uheWG/igi', '2023-02-07 10:53:58', '2023-02-07 10:53:58'),
(170, 'Elijah Goldner', 'Shanna Mante DVM', 'ignatius.lowe@example.net', 'Oran Marquardt', '$2y$10$92IXUNpkjO0rOQ5byMi.Ye4oKoEa3Ro9llC/.og/at2.uheWG/igi', '2023-02-07 10:53:58', '2023-02-07 10:53:58'),
(171, NULL, NULL, NULL, NULL, NULL, '2023-02-07 10:53:58', '2023-02-09 12:25:55'),
(172, 'Mr. Aron Powlowski', 'Jarrell Nader DVM', 'armando14@example.com', 'Sabina Ratke DDS', '$2y$10$92IXUNpkjO0rOQ5byMi.Ye4oKoEa3Ro9llC/.og/at2.uheWG/igi', '2023-02-07 10:53:58', '2023-02-07 10:53:58'),
(173, 'Mac Rutherford', 'Prof. Sunny Kilback', 'waelchi.britney@example.net', 'Piper Gleichner', '$2y$10$92IXUNpkjO0rOQ5byMi.Ye4oKoEa3Ro9llC/.og/at2.uheWG/igi', '2023-02-07 10:53:58', '2023-02-07 10:53:58'),
(174, 'Prof. Emanuel Oberbrunner III', 'Mr. Rashawn Hayes', 'hilda03@example.com', 'Telly Jenkins', '$2y$10$92IXUNpkjO0rOQ5byMi.Ye4oKoEa3Ro9llC/.og/at2.uheWG/igi', '2023-02-07 10:53:58', '2023-02-07 10:53:58'),
(175, 'Dr. Lavonne Roberts DDS', 'Parker Kulas IV', 'kuhn.dax@example.com', 'Don Schamberger DDS', '$2y$10$92IXUNpkjO0rOQ5byMi.Ye4oKoEa3Ro9llC/.og/at2.uheWG/igi', '2023-02-07 10:53:58', '2023-02-07 10:53:58'),
(176, 'Princess Pouros', 'Timothy Ratke', 'eborer@example.net', 'Kurt Crooks MD', '$2y$10$92IXUNpkjO0rOQ5byMi.Ye4oKoEa3Ro9llC/.og/at2.uheWG/igi', '2023-02-07 10:53:58', '2023-02-07 10:53:58'),
(177, 'Lucie Wiegand DDS', 'Melyna Doyle PhD', 'austin.reynolds@example.net', 'Rosalind Bode', '$2y$10$92IXUNpkjO0rOQ5byMi.Ye4oKoEa3Ro9llC/.og/at2.uheWG/igi', '2023-02-07 10:53:58', '2023-02-07 10:53:58'),
(178, 'Ms. Maybelle Lesch', 'Miss Aurore Boyer MD', 'rice.flossie@example.net', 'Cathrine Brakus', '$2y$10$92IXUNpkjO0rOQ5byMi.Ye4oKoEa3Ro9llC/.og/at2.uheWG/igi', '2023-02-07 10:53:58', '2023-02-07 10:53:58'),
(179, 'Dr. Shaniya Murray', 'Rosanna Sauer V', 'barry84@example.com', 'Zion Grant', '$2y$10$92IXUNpkjO0rOQ5byMi.Ye4oKoEa3Ro9llC/.og/at2.uheWG/igi', '2023-02-07 10:53:58', '2023-02-07 10:53:58'),
(180, 'Obie Bosco', 'Prof. Justice Wilkinson', 'jena.bailey@example.org', 'Cordelia Kihn PhD', '$2y$10$92IXUNpkjO0rOQ5byMi.Ye4oKoEa3Ro9llC/.og/at2.uheWG/igi', '2023-02-07 10:53:58', '2023-02-07 10:53:58'),
(181, 'Ramona Boyer', 'Kristopher Bogan MD', 'jswaniawski@example.com', 'Prof. Jordy Walter', '$2y$10$92IXUNpkjO0rOQ5byMi.Ye4oKoEa3Ro9llC/.og/at2.uheWG/igi', '2023-02-07 10:53:58', '2023-02-07 10:53:58'),
(182, 'Marina Quitzon', 'Rigoberto Heaney Sr.', 'maggie51@example.org', 'Santiago Pollich Jr.', '$2y$10$92IXUNpkjO0rOQ5byMi.Ye4oKoEa3Ro9llC/.og/at2.uheWG/igi', '2023-02-07 10:53:58', '2023-02-07 10:53:58'),
(183, 'Jalyn Schuster Jr.', 'Golda Nader', 'qschaden@example.com', 'Tyshawn Hermann', '$2y$10$92IXUNpkjO0rOQ5byMi.Ye4oKoEa3Ro9llC/.og/at2.uheWG/igi', '2023-02-07 10:53:58', '2023-02-07 10:53:58'),
(184, 'Hadley Christiansen', 'Ms. Ivy Lebsack DVM', 'louisa.marquardt@example.net', 'Prof. Clemmie Leffler', '$2y$10$92IXUNpkjO0rOQ5byMi.Ye4oKoEa3Ro9llC/.og/at2.uheWG/igi', '2023-02-07 10:53:58', '2023-02-07 10:53:58'),
(185, 'Kyler Stark PhD', 'Griffin Weissnat Sr.', 'nhamill@example.com', 'Theron Predovic', '$2y$10$92IXUNpkjO0rOQ5byMi.Ye4oKoEa3Ro9llC/.og/at2.uheWG/igi', '2023-02-07 10:53:58', '2023-02-07 10:53:58'),
(186, 'Dr. Walton Walter', 'Anjali Treutel', 'tamia42@example.org', 'Rosalee Streich', '$2y$10$92IXUNpkjO0rOQ5byMi.Ye4oKoEa3Ro9llC/.og/at2.uheWG/igi', '2023-02-07 10:53:58', '2023-02-07 10:53:58'),
(187, 'Yadira Huels I', 'Forrest Kilback', 'elisha86@example.com', 'Prof. Camryn Lynch', '$2y$10$92IXUNpkjO0rOQ5byMi.Ye4oKoEa3Ro9llC/.og/at2.uheWG/igi', '2023-02-07 10:53:58', '2023-02-07 10:53:58'),
(188, 'Mr. Reuben Rutherford', 'Madaline Heller DDS', 'antonina90@example.com', 'Easton Klein PhD', '$2y$10$92IXUNpkjO0rOQ5byMi.Ye4oKoEa3Ro9llC/.og/at2.uheWG/igi', '2023-02-07 10:53:58', '2023-02-07 10:53:58'),
(189, 'Santina Koss IV', 'Ben Larson', 'hnader@example.org', 'Ford Windler DDS', '$2y$10$92IXUNpkjO0rOQ5byMi.Ye4oKoEa3Ro9llC/.og/at2.uheWG/igi', '2023-02-07 10:53:58', '2023-02-07 10:53:58'),
(190, 'Don Bruen', 'Joana Kilback DVM', 'clarissa35@example.com', 'Ms. Eryn Bartoletti', '$2y$10$92IXUNpkjO0rOQ5byMi.Ye4oKoEa3Ro9llC/.og/at2.uheWG/igi', '2023-02-07 10:53:58', '2023-02-07 10:53:58'),
(191, 'Mr. Devonte Bosco', 'Mr. Silas Nicolas', 'florian.wolff@example.org', 'Laurianne Friesen', '$2y$10$92IXUNpkjO0rOQ5byMi.Ye4oKoEa3Ro9llC/.og/at2.uheWG/igi', '2023-02-07 10:53:58', '2023-02-07 10:53:58'),
(192, 'zoumiiiiciienn', 'Hector Schneider', 'kemmer.leanna@example.org', 'Petra Kris', NULL, '2023-02-07 10:53:58', '2023-02-07 16:17:29'),
(193, 'Sarina Oberbrunner', 'Kathleen Jenkins V', 'auer.thalia@example.org', 'Chance Trantow', '$2y$10$92IXUNpkjO0rOQ5byMi.Ye4oKoEa3Ro9llC/.og/at2.uheWG/igi', '2023-02-07 10:53:58', '2023-02-07 10:53:58'),
(194, 'Dr. Quincy Senger', 'Katrine Jones', 'hansen.oscar@example.net', 'Amani Osinski DDS', '$2y$10$92IXUNpkjO0rOQ5byMi.Ye4oKoEa3Ro9llC/.og/at2.uheWG/igi', '2023-02-07 10:53:58', '2023-02-07 10:53:58'),
(195, 'Randall Prosacco', 'Orion Johnson', 'wyman.rogahn@example.net', 'Brice Rowe', '$2y$10$92IXUNpkjO0rOQ5byMi.Ye4oKoEa3Ro9llC/.og/at2.uheWG/igi', '2023-02-07 10:53:58', '2023-02-07 10:53:58'),
(196, 'Katherine King', 'Ryder Williamson IV', 'byost@example.net', 'Dr. Eldon Wolff DVM', '$2y$10$92IXUNpkjO0rOQ5byMi.Ye4oKoEa3Ro9llC/.og/at2.uheWG/igi', '2023-02-07 10:53:58', '2023-02-07 10:53:58'),
(197, 'Megane Batz III', 'Mrs. Araceli Dickens DDS', 'lacey12@example.net', 'Joana Rowe', '$2y$10$92IXUNpkjO0rOQ5byMi.Ye4oKoEa3Ro9llC/.og/at2.uheWG/igi', '2023-02-07 10:53:58', '2023-02-07 10:53:58'),
(198, 'Katelin Nitzsche', 'Eliane Hudson', 'rgutkowski@example.net', 'Paxton Halvorson', '$2y$10$92IXUNpkjO0rOQ5byMi.Ye4oKoEa3Ro9llC/.og/at2.uheWG/igi', '2023-02-07 10:53:58', '2023-02-07 10:53:58'),
(199, 'Devyn Lynch', 'Anabel Morar', 'hwuckert@example.net', 'Rey Rodriguez', '$2y$10$92IXUNpkjO0rOQ5byMi.Ye4oKoEa3Ro9llC/.og/at2.uheWG/igi', '2023-02-07 10:53:58', '2023-02-07 10:53:58'),
(200, 'Baby Konopelski', 'Prof. Adela Koepp', 'reynolds.gennaro@example.net', 'Arjun Haag IV', '$2y$10$92IXUNpkjO0rOQ5byMi.Ye4oKoEa3Ro9llC/.og/at2.uheWG/igi', '2023-02-07 10:53:58', '2023-02-07 10:53:58'),
(201, 'zeeeeeeeee', 'Catalina O\'Keefe', 'trunte@example.com', 'Ms. Belle Huels DDS', '$2y$10$92IXUNpkjO0rOQ5byMi.Ye4oKoEa3Ro9llC/.og/at2.uheWG/igi', '2023-02-07 16:04:26', '2023-02-07 16:04:26'),
(202, 'zzazzaa', 'zzzzzzzzz', 'zoum@dd.com', 'itcenter', '1111111', '2023-02-07 16:25:01', '2023-02-07 16:25:01'),
(203, 'zzazzaa', 'zzzzzzzzz', 'zoum@dd.com', 'itcenter', '1111111', '2023-02-07 16:25:29', '2023-02-07 16:25:29'),
(204, 'zzazzaa', 'zzzzzzzzz', 'zoum@dd.com', 'itcenter2', '1111111', '2023-02-07 16:27:14', '2023-02-07 16:27:14'),
(205, 'zzazzaa', 'zzzzzzzzz', 'zoum@dd.com', 'itcenter33', '1111111', '2023-02-07 16:28:36', '2023-02-07 16:28:36'),
(206, 'zzazzaa', 'zzzzzzzzz', 'zoum@dd.com', 'itcenter', '1111111', '2023-02-07 16:30:32', '2023-02-07 16:30:32'),
(207, 'zzazzaawwx', 'zzzzzzzzz', 'zoum@dd.com', 'itcenter2', '11111', '2023-02-07 16:32:10', '2023-02-07 16:32:10'),
(208, 'zoumiiiiciienn', 'zzzzzzzzzqq', 'zouqqm@dd.com', 'itcenterqqq', '1111111', '2023-02-07 16:40:11', '2023-02-07 16:40:11'),
(209, 'coulibaly', 'zoumana', 'coulibaly@cyberdefbox.com', 'cyberdefbox', '12345678', '2023-02-08 12:32:21', '2023-02-08 12:32:21'),
(210, NULL, NULL, NULL, NULL, NULL, '2023-02-09 11:06:25', '2023-02-09 12:22:58'),
(211, NULL, NULL, NULL, NULL, NULL, '2023-02-09 11:09:34', '2023-02-09 12:25:41'),
(212, 'zoumiiiiciienn', 'zzzzzzzzz', 'zoum@dd.com', 'itcenter', '1111111', '2023-02-09 11:37:45', '2023-02-09 11:37:45'),
(213, 'wwwww', 'wwwww', 'wwwww@dd.com', 'wwwwww', '11111', '2023-02-09 11:38:51', '2023-02-09 11:38:51'),
(214, 'xxxxqqqqq', 'xxxxqqqqq', 'xxxx@dd.com', 'qqqqqqqq', '1111111', '2023-02-09 11:43:20', '2023-02-09 11:43:20'),
(215, 'xxxxqqqqq', 'xxxxqqqqq', 'xxxx@dd.com', 'qqqqqqqq', '1111111', '2023-02-09 11:43:24', '2023-02-09 11:43:24'),
(216, 'sssssss', 'ssssss', 'ssssss@dd.com', 'sssss', '11111', '2023-02-09 11:43:50', '2023-02-09 11:43:50'),
(217, 'qsqszzazzaa', 'abababababbababab', 'zoum@dd.com', 'itcenter2', '1111111', '2023-02-09 11:50:28', '2023-02-09 11:50:28'),
(218, 'zzazzaa', 'zzzzzzzzz', 'zoum@dd.com', 'itcenter', '1111111', '2023-02-09 11:53:53', '2023-02-09 11:53:53'),
(219, 'zzazzaa', 'zzzzzzzzz', 'zoum@dd.com', 'itcenter2', '11111', '2023-02-09 11:55:06', '2023-02-09 11:55:06'),
(220, 'zzazzaa', 'zzzzzzzzz', 'zoum@dd.com', 'itcenter2', '11111', '2023-02-09 11:55:07', '2023-02-09 11:55:07');

-- --------------------------------------------------------

--
-- Structure de la table `contrats`
--

CREATE TABLE `contrats` (
  `id` bigint(20) UNSIGNED NOT NULL,
  `nom_contrat` varchar(191) COLLATE utf8mb4_unicode_ci NOT NULL,
  `dateDebut` date NOT NULL,
  `dateFin` date NOT NULL,
  `created_at` timestamp NULL DEFAULT NULL,
  `updated_at` timestamp NULL DEFAULT NULL,
  `client_id` bigint(20) UNSIGNED NOT NULL
) ENGINE=InnoDB DEFAULT CHARSET=utf8mb4 COLLATE=utf8mb4_unicode_ci;

--
-- Déchargement des données de la table `contrats`
--

INSERT INTO `contrats` (`id`, `nom_contrat`, `dateDebut`, `dateFin`, `created_at`, `updated_at`, `client_id`) VALUES
(1, 'Cristopher Schaeferddde', '1976-08-08', '2004-09-10', '2023-02-07 10:53:58', '2023-02-07 10:53:58', 77),
(2, 'Barbara Pagac', '1993-02-07', '2013-11-26', '2023-02-07 10:53:58', '2023-02-07 10:53:58', 88),
(3, 'Darrel Harber', '2001-01-21', '2009-06-03', '2023-02-07 10:53:58', '2023-02-07 10:53:58', 60),
(4, 'Miss Maureen Marks MD', '1993-06-13', '1995-04-17', '2023-02-07 10:53:58', '2023-02-07 10:53:58', 55),
(5, 'Amie Schmeler DVM', '2013-05-15', '1996-03-18', '2023-02-07 10:53:58', '2023-02-07 10:53:58', 38),
(6, 'Dr. Rowan Grant DVM', '2021-10-08', '1983-12-19', '2023-02-07 10:53:58', '2023-02-07 10:53:58', 81),
(7, 'Alexie Padberg', '1971-01-30', '1994-11-04', '2023-02-07 10:53:58', '2023-02-07 10:53:58', 73),
(8, 'Mrs. Corene Schulist Sr.', '2004-01-26', '1980-01-27', '2023-02-07 10:53:58', '2023-02-07 10:53:58', 13),
(9, 'Floyd Weissnat', '2000-06-19', '1977-08-08', '2023-02-07 10:53:58', '2023-02-07 10:53:58', 39),
(10, 'Jeramy Ernser', '2001-09-25', '1987-03-06', '2023-02-07 10:53:58', '2023-02-07 10:53:58', 94),
(11, 'Nicholas Hirthe', '1988-01-21', '1992-05-18', '2023-02-07 10:53:58', '2023-02-07 10:53:58', 19),
(12, 'Tom Pagac', '2000-04-07', '2008-05-11', '2023-02-07 10:53:58', '2023-02-07 10:53:58', 1),
(13, 'Mrs. Laurence Balistreri IV', '1982-09-01', '2014-09-20', '2023-02-07 10:53:58', '2023-02-07 10:53:58', 65),
(14, 'Fannie Dickinson', '2012-06-29', '2010-03-27', '2023-02-07 10:53:58', '2023-02-07 10:53:58', 98),
(15, 'Dr. Eveline West', '1978-04-28', '1994-04-08', '2023-02-07 10:53:58', '2023-02-07 10:53:58', 44),
(16, 'Theron Koepp', '2022-02-15', '1983-06-19', '2023-02-07 10:53:58', '2023-02-07 10:53:58', 59),
(17, 'Sharon Leannon', '2007-10-05', '2012-08-28', '2023-02-07 10:53:58', '2023-02-07 10:53:58', 78),
(18, 'Joan Erdman', '2001-06-24', '2015-12-15', '2023-02-07 10:53:58', '2023-02-07 10:53:58', 49),
(19, 'Daisy Turcotte V', '1997-09-05', '2002-10-28', '2023-02-07 10:53:58', '2023-02-07 10:53:58', 22),
(20, 'Alverta Langworth', '2010-03-30', '1979-10-21', '2023-02-07 10:53:58', '2023-02-07 10:53:58', 7),
(21, 'Waino Heaney', '2012-11-21', '2016-04-22', '2023-02-07 10:53:58', '2023-02-07 10:53:58', 14),
(22, 'Orrin Kovacek', '2006-06-28', '2001-05-28', '2023-02-07 10:53:58', '2023-02-07 10:53:58', 89),
(23, 'Vanessa O\'Reilly', '2021-01-27', '2010-03-30', '2023-02-07 10:53:58', '2023-02-07 10:53:58', 18),
(24, 'Randall Keebler', '1985-06-17', '2014-07-29', '2023-02-07 10:53:58', '2023-02-07 10:53:58', 5),
(25, 'Saul Ortiz MD', '1970-11-13', '1987-01-31', '2023-02-07 10:53:58', '2023-02-07 10:53:58', 84),
(26, 'Jewell Schmitt', '2010-09-06', '2021-03-18', '2023-02-07 10:53:58', '2023-02-07 10:53:58', 27),
(27, 'Laverne Goldner II', '2008-11-27', '1995-02-26', '2023-02-07 10:53:58', '2023-02-07 10:53:58', 58),
(28, 'Ms. Damaris Yost I', '2021-12-28', '1995-06-02', '2023-02-07 10:53:58', '2023-02-07 10:53:58', 17),
(29, 'Cassandra Considine', '1972-08-16', '2008-02-02', '2023-02-07 10:53:58', '2023-02-07 10:53:58', 24),
(30, 'Mr. Jaylon Romaguera Jr.', '1994-06-30', '1983-04-22', '2023-02-07 10:53:58', '2023-02-07 10:53:58', 26),
(31, 'Estevan Farrell Jr.', '1996-04-07', '2007-03-02', '2023-02-07 10:53:58', '2023-02-07 10:53:58', 95),
(32, 'Christa Hills', '2004-01-03', '1982-08-23', '2023-02-07 10:53:58', '2023-02-07 10:53:58', 41),
(33, 'Carmelo Doyle', '2014-08-19', '1977-06-25', '2023-02-07 10:53:58', '2023-02-07 10:53:58', 32),
(34, 'Breanne Hayes', '2007-03-05', '1972-07-13', '2023-02-07 10:53:58', '2023-02-07 10:53:58', 64),
(35, 'Mrs. Viola Bode', '2021-04-09', '2019-10-15', '2023-02-07 10:53:58', '2023-02-07 10:53:58', 99),
(36, 'Jodie West I', '2015-07-22', '1990-12-31', '2023-02-07 10:53:58', '2023-02-07 10:53:58', 87),
(37, 'Chandler Reichert', '2020-12-10', '1994-07-28', '2023-02-07 10:53:58', '2023-02-07 10:53:58', 31),
(38, 'Jettie Kohler PhD', '1977-01-25', '2019-06-04', '2023-02-07 10:53:58', '2023-02-07 10:53:58', 37),
(39, 'Amos Gerlach DDS', '1977-03-20', '1981-04-04', '2023-02-07 10:53:58', '2023-02-07 10:53:58', 15),
(40, 'Hobart Torp', '1996-12-29', '1994-06-11', '2023-02-07 10:53:58', '2023-02-07 10:53:58', 6),
(41, 'Dr. Conor Legros PhD', '1974-04-07', '1991-02-27', '2023-02-07 10:53:58', '2023-02-07 10:53:58', 2),
(42, 'Elinor Heller', '2016-11-29', '1989-06-20', '2023-02-07 10:53:58', '2023-02-07 10:53:58', 75),
(43, 'Mr. Chaim Boyle PhD', '2002-08-19', '1973-04-11', '2023-02-07 10:53:58', '2023-02-07 10:53:58', 9),
(44, 'Maia Kessler PhD', '2007-07-20', '1987-07-14', '2023-02-07 10:53:58', '2023-02-07 10:53:58', 4),
(45, 'Prof. Korbin Witting II', '2021-06-07', '2019-04-02', '2023-02-07 10:53:58', '2023-02-07 10:53:58', 74),
(47, 'Paolo Boyer', '2019-08-01', '1971-12-01', '2023-02-07 10:53:58', '2023-02-07 10:53:58', 16),
(48, 'Niko Cartwright DDS', '1971-11-29', '1994-04-10', '2023-02-07 10:53:58', '2023-02-07 10:53:58', 3),
(49, 'Miss Nelda Robel I', '1999-03-26', '1981-06-15', '2023-02-07 10:53:58', '2023-02-07 10:53:58', 54),
(50, 'Susan Hills DDS', '1994-06-02', '1999-05-03', '2023-02-07 10:53:58', '2023-02-07 10:53:58', 96),
(51, 'Corine Grady', '1983-07-10', '2000-12-30', '2023-02-07 10:53:58', '2023-02-07 10:53:58', 28),
(52, 'Kari Gutmann', '1993-12-10', '1991-03-16', '2023-02-07 10:53:58', '2023-02-07 10:53:58', 67),
(53, 'Wellington Ullrich', '2001-07-09', '1991-03-08', '2023-02-07 10:53:58', '2023-02-07 10:53:58', 83),
(54, 'Toni Bernhard', '1970-08-27', '2012-03-20', '2023-02-07 10:53:58', '2023-02-07 10:53:58', 53),
(55, 'Daren Sanford', '2006-09-25', '2007-09-25', '2023-02-07 10:53:58', '2023-02-07 10:53:58', 57),
(56, 'Gerardo Trantow', '1987-05-26', '1973-09-04', '2023-02-07 10:53:58', '2023-02-07 10:53:58', 86),
(57, 'Dr. Fern Quitzon Jr.', '2014-11-01', '2010-08-28', '2023-02-07 10:53:58', '2023-02-07 10:53:58', 69),
(59, 'Kody Lubowitz IV', '1974-08-21', '2018-12-20', '2023-02-07 10:53:58', '2023-02-07 10:53:58', 23),
(60, 'Mrs. Larissa Bechtelar', '2013-11-20', '2022-09-03', '2023-02-07 10:53:58', '2023-02-07 10:53:58', 61),
(62, 'Dr. Mina Hansen', '2006-04-02', '1992-05-09', '2023-02-07 10:53:58', '2023-02-07 10:53:58', 71),
(63, 'Marisa Johnson', '1986-06-06', '2008-01-14', '2023-02-07 10:53:58', '2023-02-07 10:53:58', 48),
(64, 'Isom Ankunding', '1988-10-16', '1981-02-14', '2023-02-07 10:53:58', '2023-02-07 10:53:58', 63),
(65, 'Dr. Khalil Okuneva DVM', '2018-01-08', '1991-08-14', '2023-02-07 10:53:58', '2023-02-07 10:53:58', 92),
(66, 'Destany Von II', '2010-09-13', '1989-08-02', '2023-02-07 10:53:58', '2023-02-07 10:53:58', 80),
(67, 'Ewald Adams Sr.', '2010-07-19', '1982-01-18', '2023-02-07 10:53:58', '2023-02-07 10:53:58', 11),
(68, 'Zoila Gulgowski MD', '2003-07-19', '2006-08-04', '2023-02-07 10:53:58', '2023-02-07 10:53:58', 47),
(69, 'Lester Kovacek', '2016-07-06', '1970-07-13', '2023-02-07 10:53:58', '2023-02-07 10:53:58', 34),
(70, 'Lupe Gottlieb', '1970-09-10', '2015-09-09', '2023-02-07 10:53:58', '2023-02-07 10:53:58', 51),
(71, 'Hulda Bahringer', '1984-09-26', '2001-05-07', '2023-02-07 10:53:58', '2023-02-07 10:53:58', 50),
(72, 'Miss Haylee Wolff Jr.', '1989-05-01', '2017-01-18', '2023-02-07 10:53:58', '2023-02-07 10:53:58', 40),
(73, 'Ms. Neva Gaylord Sr.', '1980-05-17', '2012-04-11', '2023-02-07 10:53:58', '2023-02-07 10:53:58', 97),
(74, 'Lia Mraz', '1975-04-29', '1980-01-07', '2023-02-07 10:53:58', '2023-02-07 10:53:58', 82),
(75, 'Janessa Stokes I', '1997-09-06', '1980-01-04', '2023-02-07 10:53:58', '2023-02-07 10:53:58', 93),
(76, 'Santiago Stiedemann', '2010-10-26', '1988-03-31', '2023-02-07 10:53:58', '2023-02-07 10:53:58', 90),
(77, 'Thomas McClure', '2020-02-28', '1971-02-23', '2023-02-07 10:53:58', '2023-02-07 10:53:58', 20),
(78, 'Diamond Orn', '1974-03-18', '2018-05-15', '2023-02-07 10:53:58', '2023-02-07 10:53:58', 8),
(79, 'Amina Kirlin', '2017-07-29', '2015-09-14', '2023-02-07 10:53:58', '2023-02-07 10:53:58', 79),
(80, 'Alanna Effertz', '1999-06-30', '2011-05-13', '2023-02-07 10:53:58', '2023-02-07 10:53:58', 100),
(81, 'Prof. Bryon Collier', '2021-10-14', '2005-09-16', '2023-02-07 10:53:58', '2023-02-07 10:53:58', 30),
(82, 'Veda Nitzsche', '2013-02-09', '1991-05-09', '2023-02-07 10:53:58', '2023-02-07 10:53:58', 33),
(83, 'Miss Gabrielle Reilly IV', '1972-02-22', '1993-08-12', '2023-02-07 10:53:58', '2023-02-07 10:53:58', 91),
(84, 'Grant Bashirian', '1973-06-04', '1987-06-25', '2023-02-07 10:53:58', '2023-02-07 10:53:58', 25),
(85, 'Freddy Leannon', '1998-03-19', '1999-10-11', '2023-02-07 10:53:58', '2023-02-07 10:53:58', 56),
(86, 'Miss Lavada Witting', '1975-10-18', '2021-06-03', '2023-02-07 10:53:58', '2023-02-07 10:53:58', 66),
(87, 'Elena Braun', '2007-06-26', '2017-03-21', '2023-02-07 10:53:58', '2023-02-07 10:53:58', 21),
(88, 'Dr. Lela Turner III', '1976-01-11', '2013-04-12', '2023-02-07 10:53:58', '2023-02-07 10:53:58', 52),
(89, 'Melany Ernser', '1975-06-11', '1984-10-19', '2023-02-07 10:53:58', '2023-02-07 10:53:58', 36),
(90, 'Alf Koepp', '1986-01-26', '1998-04-08', '2023-02-07 10:53:58', '2023-02-07 10:53:58', 29),
(91, 'Collin Wiegand', '2015-02-28', '1976-07-08', '2023-02-07 10:53:58', '2023-02-07 10:53:58', 85),
(92, 'Laurel Bahringer', '2019-12-04', '2020-07-02', '2023-02-07 10:53:58', '2023-02-07 10:53:58', 43),
(93, 'Eden Stiedemann', '2008-08-15', '1990-12-10', '2023-02-07 10:53:58', '2023-02-07 10:53:58', 76),
(94, 'Tommie Conroy Sr.', '2010-07-29', '2014-09-17', '2023-02-07 10:53:58', '2023-02-07 10:53:58', 35),
(95, 'Edwin Muller DVM', '1980-04-26', '2007-09-13', '2023-02-07 10:53:58', '2023-02-07 10:53:58', 68),
(96, 'Murphy Sauer I', '1995-08-10', '1984-08-18', '2023-02-07 10:53:58', '2023-02-07 10:53:58', 70),
(97, 'Lisandro Russel', '1975-02-16', '2000-05-16', '2023-02-07 10:53:58', '2023-02-07 10:53:58', 46),
(98, 'Dariana Lindgren', '2005-12-31', '1988-03-22', '2023-02-07 10:53:58', '2023-02-07 10:53:58', 12),
(99, 'Prof. Jorge Konopelski', '2013-10-11', '1979-04-09', '2023-02-07 10:53:58', '2023-02-07 10:53:58', 72),
(100, 'Jackeline Hegmann', '1986-11-04', '2021-05-05', '2023-02-07 10:53:58', '2023-02-07 10:53:58', 62),
(103, 'bbb', '2023-02-21', '2023-02-24', '2023-02-07 12:15:26', '2023-02-07 12:15:26', 4),
(104, 'aaaaaaa', '2023-02-04', '2023-02-17', '2023-02-07 12:16:14', '2023-02-07 12:16:14', 4),
(105, 'bbb', '2023-02-10', '2023-02-22', '2023-02-07 12:16:34', '2023-02-07 12:16:34', 4),
(106, 'qqqqqqq', '2023-03-04', '2023-02-24', '2023-02-07 16:10:38', '2023-02-07 16:10:38', 1),
(107, 'nyko', '2023-02-11', '2023-03-08', '2023-02-08 14:59:23', '2023-02-08 14:59:23', 6);

--
-- Déclencheurs `contrats`
--
DELIMITER $$
CREATE TRIGGER `insertTrigger` BEFORE INSERT ON `contrats` FOR EACH ROW insert into historiqueContrat (date,heure,action,donnees)values(CURRENT_DATE,CURRENT_TIME,"insert", new.nom_contrat)
$$
DELIMITER ;
DELIMITER $$
CREATE TRIGGER `updateTrigger` AFTER UPDATE ON `contrats` FOR EACH ROW insert into historiqueContrat (date,heure,action,donnees)values(CURRENT_DATE,CURRENT_TIME,"update", old.nom_contrat)
$$
DELIMITER ;

-- --------------------------------------------------------

--
-- Structure de la table `failed_jobs`
--

CREATE TABLE `failed_jobs` (
  `id` bigint(20) UNSIGNED NOT NULL,
  `uuid` varchar(191) COLLATE utf8mb4_unicode_ci NOT NULL,
  `connection` text COLLATE utf8mb4_unicode_ci NOT NULL,
  `queue` text COLLATE utf8mb4_unicode_ci NOT NULL,
  `payload` longtext COLLATE utf8mb4_unicode_ci NOT NULL,
  `exception` longtext COLLATE utf8mb4_unicode_ci NOT NULL,
  `failed_at` timestamp NOT NULL DEFAULT CURRENT_TIMESTAMP
) ENGINE=InnoDB DEFAULT CHARSET=utf8mb4 COLLATE=utf8mb4_unicode_ci;

-- --------------------------------------------------------

--
-- Structure de la table `historiqueContrat`
--

CREATE TABLE `historiqueContrat` (
  `logid` int(10) NOT NULL,
  `date` date NOT NULL,
  `heure` time(6) NOT NULL,
  `action` varchar(50) NOT NULL,
  `donnees` varchar(100) NOT NULL
) ENGINE=InnoDB DEFAULT CHARSET=utf8;

--
-- Déchargement des données de la table `historiqueContrat`
--

INSERT INTO `historiqueContrat` (`logid`, `date`, `heure`, `action`, `donnees`) VALUES
(1, '2023-02-08', '17:22:50.000000', 'update', 'Cristopher Schaefer');

-- --------------------------------------------------------

--
-- Structure de la table `migrations`
--

CREATE TABLE `migrations` (
  `id` int(10) UNSIGNED NOT NULL,
  `migration` varchar(191) COLLATE utf8mb4_unicode_ci NOT NULL,
  `batch` int(11) NOT NULL
) ENGINE=InnoDB DEFAULT CHARSET=utf8mb4 COLLATE=utf8mb4_unicode_ci;

--
-- Déchargement des données de la table `migrations`
--

INSERT INTO `migrations` (`id`, `migration`, `batch`) VALUES
(1, '2014_10_12_000000_create_users_table', 1),
(2, '2014_10_12_100000_create_password_resets_table', 1),
(3, '2019_08_19_000000_create_failed_jobs_table', 1),
(4, '2019_12_14_000001_create_personal_access_tokens_table', 1),
(5, '2023_02_02_102127_create_posts_table', 1),
(6, '2023_02_02_153354_create_clients_table', 1),
(7, '2023_02_02_153437_create_contrats_table', 1),
(8, '2023_02_02_161323_create_panneaus_table', 1);

-- --------------------------------------------------------

--
-- Structure de la table `panneaus`
--

CREATE TABLE `panneaus` (
  `id` bigint(20) UNSIGNED NOT NULL,
  `nom_panneau` varchar(191) COLLATE utf8mb4_unicode_ci DEFAULT NULL,
  `longitude` varchar(191) COLLATE utf8mb4_unicode_ci NOT NULL,
  `latidude` varchar(191) COLLATE utf8mb4_unicode_ci NOT NULL,
  `created_at` timestamp NULL DEFAULT NULL,
  `updated_at` timestamp NULL DEFAULT NULL,
  `contrat_id` bigint(20) UNSIGNED NOT NULL
) ENGINE=InnoDB DEFAULT CHARSET=utf8mb4 COLLATE=utf8mb4_unicode_ci;

--
-- Déchargement des données de la table `panneaus`
--

INSERT INTO `panneaus` (`id`, `nom_panneau`, `longitude`, `latidude`, `created_at`, `updated_at`, `contrat_id`) VALUES
(1, 'Clair Welch', '(573) 846-1397', '801.733.5939', '2023-02-07 10:53:58', '2023-02-07 10:53:58', 52),
(2, 'Gwen Watsica', '1-864-369-4538', '+1-618-228-0555', '2023-02-07 10:53:58', '2023-02-07 10:53:58', 19),
(3, 'Freeman Reichert', '+1-283-915-4226', '585.214.1983', '2023-02-07 10:53:58', '2023-02-07 10:53:58', 42),
(4, 'Jedediah Beier', '+1-252-517-1555', '463.663.3652', '2023-02-07 10:53:58', '2023-02-07 10:53:58', 63),
(5, 'Lionel Krajcik', '341-947-1920', '701.750.0338', '2023-02-07 10:53:58', '2023-02-07 10:53:58', 85),
(6, 'Megane Witting', '301-241-6297', '+1-757-206-3093', '2023-02-07 10:53:58', '2023-02-07 10:53:58', 15),
(7, 'Miss Andreane Borer II', '+1.559.885.1518', '(678) 599-8588', '2023-02-07 10:53:58', '2023-02-07 10:53:58', 5),
(8, 'Jayda Ferry I', '808.880.8794', '518.956.4863', '2023-02-07 10:53:58', '2023-02-07 10:53:58', 50),
(9, 'Aisha Schamberger', '+1-364-898-9602', '+17572988638', '2023-02-07 10:53:58', '2023-02-07 10:53:58', 98),
(10, 'Javier Reynolds PhD', '949.432.4292', '1-248-727-1635', '2023-02-07 10:53:58', '2023-02-07 10:53:58', 40),
(11, 'Martina Ondricka', '458.646.3855', '423.582.4373', '2023-02-07 10:53:58', '2023-02-07 10:53:58', 54),
(12, 'Edwardo Littel', '1-828-664-2092', '785.544.6442', '2023-02-07 10:53:58', '2023-02-07 10:53:58', 10),
(13, 'Lemuel Bashirian', '1-775-995-5937', '1-202-859-0420', '2023-02-07 10:53:58', '2023-02-07 10:53:58', 54),
(14, 'Logan Rutherford', '(754) 506-2316', '1-762-879-2780', '2023-02-07 10:53:58', '2023-02-07 10:53:58', 93),
(15, 'Amira Krajcik', '1-520-372-9959', '+19012150338', '2023-02-07 10:53:58', '2023-02-07 10:53:58', 25),
(16, 'Cooper O\'Hara', '1-551-371-2262', '+1-331-592-6471', '2023-02-07 10:53:58', '2023-02-07 10:53:58', 69),
(17, 'Nellie Watsica', '+19734375013', '1-205-743-8913', '2023-02-07 10:53:58', '2023-02-07 10:53:58', 51),
(18, 'Annabel Koepp', '+1-832-518-4026', '+1-478-812-3357', '2023-02-07 10:53:58', '2023-02-07 10:53:58', 36),
(19, 'Ms. Arielle Schumm', '(509) 737-0734', '+1-339-726-5553', '2023-02-07 10:53:58', '2023-02-07 10:53:58', 23),
(20, 'Asa Bins', '+1.959.233.6647', '1-832-984-9027', '2023-02-07 10:53:58', '2023-02-07 10:53:58', 98),
(21, 'Arturo Hoppe', '(575) 378-9815', '847.733.1525', '2023-02-07 10:53:58', '2023-02-07 10:53:58', 8),
(22, 'Ms. Esmeralda Conroy', '707.899.2770', '(361) 726-1055', '2023-02-07 10:53:58', '2023-02-07 10:53:58', 6),
(23, 'Cleta Turcotte', '443.361.9166', '302-713-7936', '2023-02-07 10:53:58', '2023-02-07 10:53:58', 53),
(24, 'Damon Stark', '740.753.4113', '(551) 846-1373', '2023-02-07 10:53:58', '2023-02-07 10:53:58', 9),
(25, 'Miracle Thompson', '+1-352-946-6118', '1-225-246-8464', '2023-02-07 10:53:58', '2023-02-07 10:53:58', 70),
(26, 'Marisa Stanton', '+1-325-201-7879', '949-533-3065', '2023-02-07 10:53:58', '2023-02-07 10:53:58', 1),
(27, 'Marina Langworth', '325-980-9930', '540.406.4567', '2023-02-07 10:53:58', '2023-02-07 10:53:58', 92),
(28, 'Leif Koch', '727.946.5641', '818.893.9126', '2023-02-07 10:53:58', '2023-02-07 10:53:58', 99),
(29, 'Dr. Maud Gaylord', '+14803538814', '585.860.5591', '2023-02-07 10:53:58', '2023-02-07 10:53:58', 94),
(30, 'Mr. Chad Feeney Sr.', '+16573544621', '678.676.2344', '2023-02-07 10:53:58', '2023-02-07 10:53:58', 97),
(31, 'Antone Rau V', '(262) 907-4644', '+15672924015', '2023-02-07 10:53:58', '2023-02-07 10:53:58', 66),
(32, 'Miss Geraldine Kling V', '609.393.1952', '+1-747-203-1620', '2023-02-07 10:53:58', '2023-02-07 10:53:58', 93),
(33, 'Miss Kathryn Hagenes', '1-678-684-4603', '1-407-929-9764', '2023-02-07 10:53:58', '2023-02-07 10:53:58', 38),
(34, 'Prof. Elroy Dicki', '862-524-6081', '+1-973-459-2864', '2023-02-07 10:53:58', '2023-02-07 10:53:58', 53),
(35, 'Myrtis Schroeder', '916-721-4739', '+19526336415', '2023-02-07 10:53:58', '2023-02-07 10:53:58', 1),
(36, 'Prof. Domenick Zboncak II', '+1-828-355-5715', '+12345982175', '2023-02-07 10:53:58', '2023-02-07 10:53:58', 70),
(37, 'Dr. Jakayla Bode', '+12488669207', '+1.828.253.5548', '2023-02-07 10:53:58', '2023-02-07 10:53:58', 30),
(38, 'Gaylord Nader', '+1-443-477-8630', '(785) 539-5956', '2023-02-07 10:53:58', '2023-02-07 10:53:58', 60),
(39, 'Mr. Randy Block Sr.', '+1.513.631.2302', '1-952-264-7604', '2023-02-07 10:53:58', '2023-02-07 10:53:58', 6),
(40, 'Dr. Libbie Bergstrom MD', '520.623.5608', '+1 (351) 344-3159', '2023-02-07 10:53:58', '2023-02-07 10:53:58', 5),
(41, 'Miss Thalia Gaylord', '+1-970-798-8956', '+1.701.280.9843', '2023-02-07 10:53:58', '2023-02-07 10:53:58', 8),
(42, 'Haven Williamson', '(620) 419-2001', '747-263-5504', '2023-02-07 10:53:58', '2023-02-07 10:53:58', 54),
(43, 'Mrs. Magdalena White', '1-440-380-1955', '1-217-733-4864', '2023-02-07 10:53:58', '2023-02-07 10:53:58', 67),
(44, 'Sheldon Cassin', '+13105423361', '1-978-759-9393', '2023-02-07 10:53:58', '2023-02-07 10:53:58', 83),
(45, 'Carley Grady', '+1-623-597-1491', '+1.520.207.3956', '2023-02-07 10:53:58', '2023-02-07 10:53:58', 15),
(46, 'Dr. Dameon Kreiger MD', '+19518283793', '941.310.3586', '2023-02-07 10:53:58', '2023-02-07 10:53:58', 93),
(47, 'Hilma McDermott', '(334) 483-3637', '+14752235354', '2023-02-07 10:53:58', '2023-02-07 10:53:58', 26),
(48, 'Freida Swaniawski', '+14703663114', '628-881-1583', '2023-02-07 10:53:58', '2023-02-07 10:53:58', 37),
(49, 'Finn Wolff', '1-281-968-8912', '(515) 916-5300', '2023-02-07 10:53:58', '2023-02-07 10:53:58', 54),
(50, 'Nicolette Connelly', '+1 (678) 885-5138', '563.551.7352', '2023-02-07 10:53:58', '2023-02-07 10:53:58', 95),
(51, 'Prof. Soledad Haley', '1-762-972-0670', '+15519028532', '2023-02-07 10:53:58', '2023-02-07 10:53:58', 90),
(52, 'Arielle Hammes', '+1-720-958-1757', '925-254-6181', '2023-02-07 10:53:58', '2023-02-07 10:53:58', 49),
(53, 'Wava Blick', '(240) 326-5862', '(934) 838-0859', '2023-02-07 10:53:58', '2023-02-07 10:53:58', 70),
(54, 'Harmon Klocko Sr.', '+1.234.745.5623', '726-346-1621', '2023-02-07 10:53:58', '2023-02-07 10:53:58', 31),
(55, 'Erica Schimmel III', '+1-731-822-8935', '+1-463-895-0377', '2023-02-07 10:53:58', '2023-02-07 10:53:58', 98),
(56, 'Nels Mills', '901.964.3315', '+1 (339) 905-4863', '2023-02-07 10:53:58', '2023-02-07 10:53:58', 57),
(57, 'Miss Angelita Pacocha II', '+1.959.389.6157', '1-980-825-4486', '2023-02-07 10:53:58', '2023-02-07 10:53:58', 98),
(58, 'Jadon Schinner', '(703) 368-7626', '351-436-4380', '2023-02-07 10:53:58', '2023-02-07 10:53:58', 38),
(59, 'Dr. Adolph Pfeffer', '270.281.6606', '+17864992880', '2023-02-07 10:53:58', '2023-02-07 10:53:58', 57),
(60, 'Dr. Raphael Mitchell MD', '352.708.6243', '1-678-991-1907', '2023-02-07 10:53:58', '2023-02-07 10:53:58', 43),
(61, 'Prof. Floyd Paucek I', '484-422-7444', '+1 (706) 918-9123', '2023-02-07 10:53:58', '2023-02-07 10:53:58', 7),
(63, 'Loyal Rau', '+1-781-503-9292', '209.275.2774', '2023-02-07 10:53:58', '2023-02-07 10:53:58', 35),
(64, 'Dillon Abshire', '+1 (628) 927-0156', '+1.620.656.6384', '2023-02-07 10:53:58', '2023-02-07 10:53:58', 80),
(65, 'Dr. Nicolas Becker', '1-520-879-5528', '518.893.5381', '2023-02-07 10:53:58', '2023-02-07 10:53:58', 81),
(67, 'Chaz Moen', '(858) 688-3274', '+1-475-512-7562', '2023-02-07 10:53:58', '2023-02-07 10:53:58', 34),
(68, 'Jalen Kuphal PhD', '+17378749617', '+15317824908', '2023-02-07 10:53:58', '2023-02-07 10:53:58', 100),
(69, 'Alexys Batz', '339-560-6591', '936.894.1350', '2023-02-07 10:53:58', '2023-02-07 10:53:58', 1),
(70, 'Emmet Effertz', '+1-786-327-1988', '(947) 895-6324', '2023-02-07 10:53:58', '2023-02-07 10:53:58', 36),
(71, 'Coby Mosciski', '907.568.6537', '+1-940-352-7902', '2023-02-07 10:53:58', '2023-02-07 10:53:58', 68),
(72, 'Gerardo Kuhic DDS', '+1.484.801.8095', '+1-563-994-8642', '2023-02-07 10:53:58', '2023-02-07 10:53:58', 86),
(73, 'Loraine Heidenreich', '+1 (743) 431-2036', '747.755.2626', '2023-02-07 10:53:58', '2023-02-07 10:53:58', 18),
(74, 'Judah Orn', '734.386.8799', '1-979-402-5498', '2023-02-07 10:53:58', '2023-02-07 10:53:58', 100),
(75, 'Gabriel Bogan', '+1 (918) 791-4622', '570.467.1713', '2023-02-07 10:53:58', '2023-02-07 10:53:58', 78),
(76, 'Mr. Adolphus Muller Sr.', '714.270.4061', '458.292.7704', '2023-02-07 10:53:58', '2023-02-07 10:53:58', 18),
(77, 'Retta Williamson II', '+1 (743) 620-1156', '+14842737014', '2023-02-07 10:53:58', '2023-02-07 10:53:58', 94),
(78, 'Carmen Lueilwitz', '1-281-785-4221', '+1-640-872-8988', '2023-02-07 10:53:58', '2023-02-07 10:53:58', 77),
(79, 'Elouise Denesik', '412.772.4966', '+1.770.761.4399', '2023-02-07 10:53:58', '2023-02-07 10:53:58', 49),
(80, 'Prof. Mathilde Grady', '+1.909.563.9684', '+1-903-644-6989', '2023-02-07 10:53:58', '2023-02-07 10:53:58', 82),
(81, 'Prof. Ashlynn Witting', '1-516-970-4048', '+1.870.551.9584', '2023-02-07 10:53:58', '2023-02-07 10:53:58', 97),
(82, 'Prof. Fredrick Reichert', '+1-815-586-3915', '(754) 392-0204', '2023-02-07 10:53:58', '2023-02-07 10:53:58', 97),
(83, 'Miss Janae Purdy II', '+1 (541) 488-9878', '+1.302.531.5057', '2023-02-07 10:53:58', '2023-02-07 10:53:58', 78),
(84, 'Dr. Marquis Koepp', '+1 (520) 337-2980', '(781) 984-8199', '2023-02-07 10:53:58', '2023-02-07 10:53:58', 44),
(85, 'Kathlyn Dooley', '(763) 429-1655', '+1 (743) 978-8171', '2023-02-07 10:53:58', '2023-02-07 10:53:58', 100),
(86, 'Josefa Leffler', '(423) 525-3215', '1-986-303-8284', '2023-02-07 10:53:58', '2023-02-07 10:53:58', 17),
(87, 'Mr. Thomas McCullough', '+1 (334) 799-6484', '+1-949-763-4722', '2023-02-07 10:53:58', '2023-02-07 10:53:58', 1),
(88, 'Maria Mosciski V', '+1 (248) 656-1053', '(469) 433-3072', '2023-02-07 10:53:58', '2023-02-07 10:53:58', 30),
(89, 'Darrion Pollich', '1-281-629-3401', '+1-320-393-4419', '2023-02-07 10:53:58', '2023-02-07 10:53:58', 48),
(90, 'Kasey Kunze', '+1-458-802-3037', '(925) 533-2376', '2023-02-07 10:53:58', '2023-02-07 10:53:58', 70),
(91, 'Tina Hayes', '754-598-3721', '(872) 641-7045', '2023-02-07 10:53:58', '2023-02-07 10:53:58', 57),
(92, 'Kay Cruickshank', '586-590-9034', '(772) 980-4789', '2023-02-07 10:53:58', '2023-02-07 10:53:58', 17),
(93, 'Luciano Beer', '940.587.1572', '+1-915-625-7130', '2023-02-07 10:53:58', '2023-02-07 10:53:58', 80),
(94, 'Cassandre Weimann', '931-939-0446', '+1-541-790-1150', '2023-02-07 10:53:58', '2023-02-07 10:53:58', 4),
(95, 'Emanuel Treutel', '240.655.5154', '(820) 415-9002', '2023-02-07 10:53:58', '2023-02-07 10:53:58', 82),
(96, 'Deron Steuber', '740-990-3258', '(434) 753-7608', '2023-02-07 10:53:58', '2023-02-07 10:53:58', 13),
(97, 'Mrs. Oceane Marks DVM', '629.944.0494', '(231) 613-9581', '2023-02-07 10:53:58', '2023-02-07 10:53:58', 3),
(98, 'Celestine Von', '+1.901.490.3286', '+1 (402) 741-4850', '2023-02-07 10:53:58', '2023-02-07 10:53:58', 16),
(99, 'Ms. Veda Jakubowski', '425.954.7799', '+1.952.634.0412', '2023-02-07 10:53:58', '2023-02-07 10:53:58', 39),
(100, 'Miss Leonie Schinner Sr.', '+1.760.325.5990', '(941) 227-5720', '2023-02-07 10:53:58', '2023-02-07 10:53:58', 8),
(101, 'Frederique Hoppe PhD', '+1-445-862-1479', '(240) 958-6747', '2023-02-07 10:53:58', '2023-02-07 10:53:58', 9),
(102, 'Dock Kertzmann MD', '+1 (281) 574-4063', '+1.573.565.2987', '2023-02-07 10:53:58', '2023-02-07 10:53:58', 42),
(103, 'Ruby Gaylord IV', '+1.743.703.1846', '1-281-359-3092', '2023-02-07 10:53:58', '2023-02-07 10:53:58', 72),
(104, 'Dr. Harley Greenfelder MD', '+1-283-588-4195', '+15645415266', '2023-02-07 10:53:58', '2023-02-07 10:53:58', 98),
(105, 'Jade Trantow', '949.665.6607', '+1 (479) 865-2816', '2023-02-07 10:53:58', '2023-02-07 10:53:58', 80),
(106, 'Jerrold Ullrich', '+1-234-407-6401', '906.552.9376', '2023-02-07 10:53:58', '2023-02-07 10:53:58', 30),
(107, 'Randi Miller', '309-722-9001', '+1-662-328-4687', '2023-02-07 10:53:58', '2023-02-07 10:53:58', 53),
(108, 'Ernie Williamson', '469-640-6090', '+1-985-899-5663', '2023-02-07 10:53:58', '2023-02-07 10:53:58', 72),
(109, 'Miss Ebba Dooley', '+1-623-754-5960', '689.559.6529', '2023-02-07 10:53:58', '2023-02-07 10:53:58', 63),
(110, 'Mr. Lucious Fadel V', '+1-445-507-7285', '+1.612.410.0761', '2023-02-07 10:53:58', '2023-02-07 10:53:58', 45),
(111, 'Mose Fahey', '940-954-1531', '774.818.0466', '2023-02-07 10:53:58', '2023-02-07 10:53:58', 16),
(112, 'Dr. Kelsi Rodriguez PhD', '(870) 851-0302', '+1.253.745.7377', '2023-02-07 10:53:58', '2023-02-07 10:53:58', 99),
(113, 'Doris Schneider', '+1-586-390-1726', '920.492.1415', '2023-02-07 10:53:58', '2023-02-07 10:53:58', 62),
(114, 'Bell Doyle', '+1.469.887.3147', '+17249345662', '2023-02-07 10:53:58', '2023-02-07 10:53:58', 31),
(115, 'Lexus Little', '+1 (423) 210-7177', '(541) 995-2728', '2023-02-07 10:53:58', '2023-02-07 10:53:58', 19),
(116, 'Abdullah Roob', '(380) 357-7188', '+1 (785) 345-9207', '2023-02-07 10:53:58', '2023-02-07 10:53:58', 24),
(117, 'Prof. Jovan O\'Connell', '+1-360-727-1367', '+1-661-428-4919', '2023-02-07 10:53:58', '2023-02-07 10:53:58', 88),
(118, 'Theresa Leuschke', '(330) 571-0487', '+1.774.905.9092', '2023-02-07 10:53:58', '2023-02-07 10:53:58', 99),
(119, 'Prof. Jeremy Farrell', '+1-279-407-8263', '+1 (813) 969-4971', '2023-02-07 10:53:58', '2023-02-07 10:53:58', 82),
(120, 'Yazmin Feest', '+12818310622', '+1-725-271-0001', '2023-02-07 10:53:58', '2023-02-07 10:53:58', 82),
(121, 'Fern Reynolds', '308-424-6214', '+1.423.887.4621', '2023-02-07 10:53:58', '2023-02-07 10:53:58', 64),
(122, 'Addison Feeney', '930-931-8740', '1-858-684-0601', '2023-02-07 10:53:58', '2023-02-07 10:53:58', 54),
(123, 'Hope Okuneva', '+12105366976', '+19478698650', '2023-02-07 10:53:58', '2023-02-07 10:53:58', 57),
(124, 'Yolanda Kautzer', '+1-743-661-7709', '+1-726-317-4348', '2023-02-07 10:53:58', '2023-02-07 10:53:58', 80),
(125, 'Dr. Bernardo Price', '1-831-341-7313', '(623) 294-9265', '2023-02-07 10:53:58', '2023-02-07 10:53:58', 97),
(126, 'Pete Heidenreich', '+1 (845) 946-5740', '1-351-819-6426', '2023-02-07 10:53:58', '2023-02-07 10:53:58', 66),
(127, 'Milan Pfannerstill', '+1-570-327-7170', '534-584-3729', '2023-02-07 10:53:58', '2023-02-07 10:53:58', 35),
(128, 'Percy Hagenes', '1-540-713-4610', '+13863715472', '2023-02-07 10:53:58', '2023-02-07 10:53:58', 41),
(129, 'Felipe Friesen', '+14304760547', '702-722-0165', '2023-02-07 10:53:58', '2023-02-07 10:53:58', 19),
(130, 'Madyson Murazik', '(463) 456-1299', '801-331-0119', '2023-02-07 10:53:58', '2023-02-07 10:53:58', 20),
(131, 'Stephanie Yundt II', '+1-586-771-4111', '(220) 401-3473', '2023-02-07 10:53:58', '2023-02-07 10:53:58', 38),
(132, 'Nathan Spencer', '681.828.2302', '1-678-728-6770', '2023-02-07 10:53:58', '2023-02-07 10:53:58', 62),
(133, 'Ernestine Considine III', '469.820.0129', '(234) 885-4097', '2023-02-07 10:53:58', '2023-02-07 10:53:58', 17),
(135, 'Prof. Sanford O\'Conner', '801.339.8233', '1-281-461-3025', '2023-02-07 10:53:58', '2023-02-07 10:53:58', 52),
(136, 'London Ankunding', '+1-559-710-2299', '+1-959-377-0389', '2023-02-07 10:53:58', '2023-02-07 10:53:58', 79),
(137, 'Dr. Madaline Ortiz MD', '989.348.4814', '+17868094470', '2023-02-07 10:53:58', '2023-02-07 10:53:58', 18),
(138, 'Bernie Davis', '+1 (564) 408-6601', '607.649.3052', '2023-02-07 10:53:58', '2023-02-07 10:53:58', 10),
(139, 'Marlen Runte', '520-752-7387', '+12696335898', '2023-02-07 10:53:58', '2023-02-07 10:53:58', 41),
(140, 'Marques Daugherty', '(276) 778-3199', '+1-678-979-7676', '2023-02-07 10:53:58', '2023-02-07 10:53:58', 20),
(141, 'Mr. Odell Mueller III', '+1 (986) 295-8236', '440-850-2208', '2023-02-07 10:53:58', '2023-02-07 10:53:58', 22),
(142, 'Dr. Salma Greenholt', '+1.507.404.8480', '+1 (316) 292-6029', '2023-02-07 10:53:58', '2023-02-07 10:53:58', 63),
(144, 'Dr. Tobin Altenwerth IV', '+15303087044', '810.567.9609', '2023-02-07 10:53:58', '2023-02-07 10:53:58', 9),
(145, 'Sister Douglas', '1-847-584-9148', '361.257.6181', '2023-02-07 10:53:58', '2023-02-07 10:53:58', 35),
(146, 'Layla Fisher', '1-254-479-7833', '+1 (805) 530-0620', '2023-02-07 10:53:58', '2023-02-07 10:53:58', 45),
(148, 'Maximillia Fahey II', '626-725-5774', '1-828-324-3876', '2023-02-07 10:53:58', '2023-02-07 10:53:58', 81),
(149, 'Calista Swaniawski', '+1.484.997.5385', '+1 (940) 905-2278', '2023-02-07 10:53:58', '2023-02-07 10:53:58', 11),
(150, 'Prof. Seamus Farrell', '+1-772-350-5508', '+1-606-628-2454', '2023-02-07 10:53:58', '2023-02-07 10:53:58', 47),
(151, 'Hassie Sipes', '+1-847-409-5159', '540.771.4656', '2023-02-07 10:53:58', '2023-02-07 10:53:58', 84),
(152, 'Shayne McDermott', '1-754-570-5315', '385-613-4212', '2023-02-07 10:53:58', '2023-02-07 10:53:58', 30),
(153, 'Prof. Josue Koelpin', '320.936.8897', '(385) 985-4267', '2023-02-07 10:53:58', '2023-02-07 10:53:58', 50),
(154, 'Althea Oberbrunner', '1-385-533-2061', '+18187546472', '2023-02-07 10:53:58', '2023-02-07 10:53:58', 95),
(155, 'Zack Bradtke', '(718) 551-3380', '(360) 434-3924', '2023-02-07 10:53:58', '2023-02-07 10:53:58', 51),
(156, 'Lilly Wintheiser', '1-941-827-6625', '657-292-0153', '2023-02-07 10:53:58', '2023-02-07 10:53:58', 47),
(157, 'Viola Dickens', '1-949-221-5507', '+1-351-537-1087', '2023-02-07 10:53:58', '2023-02-07 10:53:58', 90),
(158, 'Cruz Wehner MD', '838.974.9939', '914.388.8652', '2023-02-07 10:53:58', '2023-02-07 10:53:58', 15),
(159, 'Ms. Jewell Strosin II', '+1 (463) 880-0063', '+1.531.929.9192', '2023-02-07 10:53:58', '2023-02-07 10:53:58', 65),
(160, 'Aniya Schneider', '435.627.3169', '(785) 249-1772', '2023-02-07 10:53:58', '2023-02-07 10:53:58', 36),
(161, 'Nels Weimann', '+16076906089', '272-638-8823', '2023-02-07 10:53:58', '2023-02-07 10:53:58', 9),
(162, 'Jimmie Gerhold', '219.788.5306', '1-580-640-6176', '2023-02-07 10:53:58', '2023-02-07 10:53:58', 88),
(163, 'Dr. Gudrun Baumbach', '(360) 922-6299', '+1.515.812.6729', '2023-02-07 10:53:58', '2023-02-07 10:53:58', 77),
(164, 'Lottie Kuhlman', '458-949-6137', '(518) 257-6836', '2023-02-07 10:53:58', '2023-02-07 10:53:58', 68),
(165, 'Sincere Dare', '+1-520-763-6917', '650-907-1996', '2023-02-07 10:53:58', '2023-02-07 10:53:58', 33),
(166, 'Miss Michele Weimann DVM', '+1-781-934-1210', '1-708-296-5436', '2023-02-07 10:53:58', '2023-02-07 10:53:58', 53),
(167, 'Corene Larson', '+1-872-988-5728', '+1-205-965-8291', '2023-02-07 10:53:58', '2023-02-07 10:53:58', 6),
(168, 'Dr. Muhammad Rutherford Sr.', '1-681-718-5631', '(743) 645-8735', '2023-02-07 10:53:58', '2023-02-07 10:53:58', 55),
(169, 'Vella Bernhard Sr.', '+1-713-568-9022', '1-907-309-6099', '2023-02-07 10:53:58', '2023-02-07 10:53:58', 35),
(170, 'Mrs. Allison Rowe', '651-874-1717', '(223) 217-2681', '2023-02-07 10:53:58', '2023-02-07 10:53:58', 49),
(171, 'Prof. Allison Larson', '802.701.1375', '520.786.9333', '2023-02-07 10:53:58', '2023-02-07 10:53:58', 59),
(172, 'Felicia Ernser', '+12399528319', '+18597657720', '2023-02-07 10:53:58', '2023-02-07 10:53:58', 22),
(173, 'Ms. Glenna Kling PhD', '+1-972-421-3244', '+1-909-327-0941', '2023-02-07 10:53:58', '2023-02-07 10:53:58', 5),
(174, 'Vivianne Gusikowski II', '283-856-8103', '1-734-910-9808', '2023-02-07 10:53:58', '2023-02-07 10:53:58', 82),
(175, 'Prof. Ruby Kris', '+1 (815) 439-1910', '720-387-9343', '2023-02-07 10:53:58', '2023-02-07 10:53:58', 67),
(176, 'Mr. Jaylen Fadel DDS', '1-252-960-0624', '+1-640-358-0471', '2023-02-07 10:53:58', '2023-02-07 10:53:58', 91),
(177, 'Prof. Florence Gerlach Jr.', '(267) 523-5702', '651.716.6134', '2023-02-07 10:53:58', '2023-02-07 10:53:58', 23),
(179, 'Dr. Emmet Mertz V', '(913) 469-0962', '224.794.8782', '2023-02-07 10:53:58', '2023-02-07 10:53:58', 91),
(180, 'Dr. Ryleigh Lindgren MD', '+1-458-723-3377', '(934) 682-7807', '2023-02-07 10:53:58', '2023-02-07 10:53:58', 19),
(181, 'Natalia Ritchie DVM', '(662) 647-4908', '1-332-716-8578', '2023-02-07 10:53:58', '2023-02-07 10:53:58', 90),
(182, 'Jaron Bruen MD', '(912) 409-1185', '+1-325-721-6711', '2023-02-07 10:53:58', '2023-02-07 10:53:58', 83),
(183, 'Dr. Toney Mueller', '+1.660.554.7739', '(954) 263-0052', '2023-02-07 10:53:58', '2023-02-07 10:53:58', 3),
(184, 'Judah Littel', '+1.731.841.6814', '+1-248-426-0276', '2023-02-07 10:53:58', '2023-02-07 10:53:58', 54),
(185, 'Mrs. Billie Pfeffer Sr.', '+1.234.281.4216', '+1.781.341.0040', '2023-02-07 10:53:58', '2023-02-07 10:53:58', 20),
(186, 'Constance Dicki III', '1-860-339-2143', '+1 (781) 528-3655', '2023-02-07 10:53:58', '2023-02-07 10:53:58', 51),
(187, 'Ned Gutmann', '920.774.6093', '224-791-4275', '2023-02-07 10:53:58', '2023-02-07 10:53:58', 14),
(188, 'Elisa Bogan', '+15393688981', '+1 (678) 644-7858', '2023-02-07 10:53:58', '2023-02-07 10:53:58', 4),
(189, 'Kennedi Altenwerth', '820-258-9019', '+16286625487', '2023-02-07 10:53:58', '2023-02-07 10:53:58', 50),
(190, 'Afton Heaney PhD', '+1-458-944-5569', '+1-914-348-8292', '2023-02-07 10:53:58', '2023-02-07 10:53:58', 12),
(191, 'Isabella Schumm', '630.245.2056', '458.972.0161', '2023-02-07 10:53:58', '2023-02-07 10:53:58', 63),
(193, 'Miss Alexandria Carroll V', '1-415-487-6251', '704-454-7117', '2023-02-07 10:53:58', '2023-02-07 10:53:58', 91),
(194, 'Dr. Merl Jacobi IV', '1-405-244-2152', '417-329-7735', '2023-02-07 10:53:58', '2023-02-07 10:53:58', 95),
(195, 'Tierra Reynolds', '(872) 741-4220', '+1 (336) 535-2321', '2023-02-07 10:53:58', '2023-02-07 10:53:58', 50),
(196, 'Mr. Wilburn Runolfsdottir', '+1-781-868-5967', '+1 (820) 863-5546', '2023-02-07 10:53:58', '2023-02-07 10:53:58', 39),
(197, 'Dr. Orie Dickens Jr.', '757.602.8476', '914-319-9953', '2023-02-07 10:53:58', '2023-02-07 10:53:58', 26),
(198, 'Katrina Wiza', '(561) 563-3868', '239-716-6469', '2023-02-07 10:53:58', '2023-02-07 10:53:58', 85),
(199, 'Darrell Flatley', '412.999.9290', '+14455752571', '2023-02-07 10:53:58', '2023-02-07 10:53:58', 17),
(200, 'Odell Jacobs', '360.485.0031', '+1 (341) 914-7697', '2023-02-07 10:53:58', '2023-02-07 10:53:58', 4);

-- --------------------------------------------------------

--
-- Structure de la table `password_resets`
--

CREATE TABLE `password_resets` (
  `email` varchar(191) COLLATE utf8mb4_unicode_ci NOT NULL,
  `token` varchar(191) COLLATE utf8mb4_unicode_ci NOT NULL,
  `created_at` timestamp NULL DEFAULT NULL
) ENGINE=InnoDB DEFAULT CHARSET=utf8mb4 COLLATE=utf8mb4_unicode_ci;

-- --------------------------------------------------------

--
-- Structure de la table `personal_access_tokens`
--

CREATE TABLE `personal_access_tokens` (
  `id` bigint(20) UNSIGNED NOT NULL,
  `tokenable_type` varchar(191) COLLATE utf8mb4_unicode_ci NOT NULL,
  `tokenable_id` bigint(20) UNSIGNED NOT NULL,
  `name` varchar(191) COLLATE utf8mb4_unicode_ci NOT NULL,
  `token` varchar(64) COLLATE utf8mb4_unicode_ci NOT NULL,
  `abilities` text COLLATE utf8mb4_unicode_ci,
  `last_used_at` timestamp NULL DEFAULT NULL,
  `expires_at` timestamp NULL DEFAULT NULL,
  `created_at` timestamp NULL DEFAULT NULL,
  `updated_at` timestamp NULL DEFAULT NULL
) ENGINE=InnoDB DEFAULT CHARSET=utf8mb4 COLLATE=utf8mb4_unicode_ci;

-- --------------------------------------------------------

--
-- Structure de la table `posts`
--

CREATE TABLE `posts` (
  `id` bigint(20) UNSIGNED NOT NULL,
  `title` varchar(191) COLLATE utf8mb4_unicode_ci NOT NULL,
  `description` text COLLATE utf8mb4_unicode_ci NOT NULL,
  `created_at` timestamp NULL DEFAULT NULL,
  `updated_at` timestamp NULL DEFAULT NULL
) ENGINE=InnoDB DEFAULT CHARSET=utf8mb4 COLLATE=utf8mb4_unicode_ci;

-- --------------------------------------------------------

--
-- Structure de la table `users`
--

CREATE TABLE `users` (
  `id` bigint(20) UNSIGNED NOT NULL,
  `name` varchar(191) COLLATE utf8mb4_unicode_ci NOT NULL,
  `email` varchar(191) COLLATE utf8mb4_unicode_ci NOT NULL,
  `email_verified_at` timestamp NULL DEFAULT NULL,
  `password` varchar(191) COLLATE utf8mb4_unicode_ci NOT NULL,
  `remember_token` varchar(100) COLLATE utf8mb4_unicode_ci DEFAULT NULL,
  `created_at` timestamp NULL DEFAULT NULL,
  `updated_at` timestamp NULL DEFAULT NULL
) ENGINE=InnoDB DEFAULT CHARSET=utf8mb4 COLLATE=utf8mb4_unicode_ci;

--
-- Index pour les tables déchargées
--

--
-- Index pour la table `clients`
--
ALTER TABLE `clients`
  ADD PRIMARY KEY (`id`);

--
-- Index pour la table `contrats`
--
ALTER TABLE `contrats`
  ADD PRIMARY KEY (`id`),
  ADD KEY `contrats_client_id_foreign` (`client_id`);

--
-- Index pour la table `failed_jobs`
--
ALTER TABLE `failed_jobs`
  ADD PRIMARY KEY (`id`),
  ADD UNIQUE KEY `failed_jobs_uuid_unique` (`uuid`);

--
-- Index pour la table `historiqueContrat`
--
ALTER TABLE `historiqueContrat`
  ADD PRIMARY KEY (`logid`);

--
-- Index pour la table `migrations`
--
ALTER TABLE `migrations`
  ADD PRIMARY KEY (`id`);

--
-- Index pour la table `panneaus`
--
ALTER TABLE `panneaus`
  ADD PRIMARY KEY (`id`),
  ADD KEY `panneaus_contrat_id_foreign` (`contrat_id`);

--
-- Index pour la table `password_resets`
--
ALTER TABLE `password_resets`
  ADD PRIMARY KEY (`email`);

--
-- Index pour la table `personal_access_tokens`
--
ALTER TABLE `personal_access_tokens`
  ADD PRIMARY KEY (`id`),
  ADD UNIQUE KEY `personal_access_tokens_token_unique` (`token`),
  ADD KEY `personal_access_tokens_tokenable_type_tokenable_id_index` (`tokenable_type`,`tokenable_id`);

--
-- Index pour la table `posts`
--
ALTER TABLE `posts`
  ADD PRIMARY KEY (`id`);

--
-- Index pour la table `users`
--
ALTER TABLE `users`
  ADD PRIMARY KEY (`id`),
  ADD UNIQUE KEY `users_email_unique` (`email`);

--
-- AUTO_INCREMENT pour les tables déchargées
--

--
-- AUTO_INCREMENT pour la table `clients`
--
ALTER TABLE `clients`
  MODIFY `id` bigint(20) UNSIGNED NOT NULL AUTO_INCREMENT, AUTO_INCREMENT=221;

--
-- AUTO_INCREMENT pour la table `contrats`
--
ALTER TABLE `contrats`
  MODIFY `id` bigint(20) UNSIGNED NOT NULL AUTO_INCREMENT, AUTO_INCREMENT=108;

--
-- AUTO_INCREMENT pour la table `failed_jobs`
--
ALTER TABLE `failed_jobs`
  MODIFY `id` bigint(20) UNSIGNED NOT NULL AUTO_INCREMENT;

--
-- AUTO_INCREMENT pour la table `historiqueContrat`
--
ALTER TABLE `historiqueContrat`
  MODIFY `logid` int(10) NOT NULL AUTO_INCREMENT, AUTO_INCREMENT=2;

--
-- AUTO_INCREMENT pour la table `migrations`
--
ALTER TABLE `migrations`
  MODIFY `id` int(10) UNSIGNED NOT NULL AUTO_INCREMENT, AUTO_INCREMENT=9;

--
-- AUTO_INCREMENT pour la table `panneaus`
--
ALTER TABLE `panneaus`
  MODIFY `id` bigint(20) UNSIGNED NOT NULL AUTO_INCREMENT, AUTO_INCREMENT=201;

--
-- AUTO_INCREMENT pour la table `personal_access_tokens`
--
ALTER TABLE `personal_access_tokens`
  MODIFY `id` bigint(20) UNSIGNED NOT NULL AUTO_INCREMENT;

--
-- AUTO_INCREMENT pour la table `posts`
--
ALTER TABLE `posts`
  MODIFY `id` bigint(20) UNSIGNED NOT NULL AUTO_INCREMENT;

--
-- AUTO_INCREMENT pour la table `users`
--
ALTER TABLE `users`
  MODIFY `id` bigint(20) UNSIGNED NOT NULL AUTO_INCREMENT;

--
-- Contraintes pour les tables déchargées
--

--
-- Contraintes pour la table `contrats`
--
ALTER TABLE `contrats`
  ADD CONSTRAINT `contrats_client_id_foreign` FOREIGN KEY (`client_id`) REFERENCES `clients` (`id`) ON DELETE CASCADE;

--
-- Contraintes pour la table `panneaus`
--
ALTER TABLE `panneaus`
  ADD CONSTRAINT `panneaus_contrat_id_foreign` FOREIGN KEY (`contrat_id`) REFERENCES `contrats` (`id`) ON DELETE CASCADE;
COMMIT;

/*!40101 SET CHARACTER_SET_CLIENT=@OLD_CHARACTER_SET_CLIENT */;
/*!40101 SET CHARACTER_SET_RESULTS=@OLD_CHARACTER_SET_RESULTS */;
/*!40101 SET COLLATION_CONNECTION=@OLD_COLLATION_CONNECTION */;
