-- phpMyAdmin SQL Dump
-- version 5.1.1
-- https://www.phpmyadmin.net/
--
-- Hôte : 127.0.0.1:3306
-- Généré le : mar. 07 fév. 2023 à 19:59
-- Version du serveur : 8.0.27
-- Version de PHP : 8.0.13

SET SQL_MODE = "NO_AUTO_VALUE_ON_ZERO";
START TRANSACTION;
SET time_zone = "+00:00";


/*!40101 SET @OLD_CHARACTER_SET_CLIENT=@@CHARACTER_SET_CLIENT */;
/*!40101 SET @OLD_CHARACTER_SET_RESULTS=@@CHARACTER_SET_RESULTS */;
/*!40101 SET @OLD_COLLATION_CONNECTION=@@COLLATION_CONNECTION */;
/*!40101 SET NAMES utf8mb4 */;

--
-- Base de données : `gestipan`
--

-- --------------------------------------------------------

--
-- Structure de la table `clients`
--

DROP TABLE IF EXISTS `clients`;
CREATE TABLE IF NOT EXISTS `clients` (
  `id` bigint UNSIGNED NOT NULL AUTO_INCREMENT,
  `nom_client` varchar(191) COLLATE utf8mb4_unicode_ci DEFAULT NULL,
  `prenom_client` varchar(191) COLLATE utf8mb4_unicode_ci DEFAULT NULL,
  `email_client` varchar(191) COLLATE utf8mb4_unicode_ci DEFAULT NULL,
  `entreprise_client` varchar(191) COLLATE utf8mb4_unicode_ci DEFAULT NULL,
  `password_client` varchar(191) COLLATE utf8mb4_unicode_ci DEFAULT NULL,
  `created_at` timestamp NULL DEFAULT NULL,
  `updated_at` timestamp NULL DEFAULT NULL,
  PRIMARY KEY (`id`)
) ENGINE=MyISAM AUTO_INCREMENT=201 DEFAULT CHARSET=utf8mb4 COLLATE=utf8mb4_unicode_ci;

--
-- Déchargement des données de la table `clients`
--

INSERT INTO `clients` (`id`, `nom_client`, `prenom_client`, `email_client`, `entreprise_client`, `password_client`, `created_at`, `updated_at`) VALUES
(1, 'Lesley Fadel', 'Letitia Flatley', 'raquel.kuhn@example.com', 'Lorna Berge', '$2y$10$92IXUNpkjO0rOQ5byMi.Ye4oKoEa3Ro9llC/.og/at2.uheWG/igi', '2023-02-05 20:46:48', '2023-02-05 20:46:48'),
(2, 'Carey Batz', 'Maribel Legros', 'jace.walter@example.com', 'Ms. Lucienne Raynor', '$2y$10$92IXUNpkjO0rOQ5byMi.Ye4oKoEa3Ro9llC/.og/at2.uheWG/igi', '2023-02-05 20:46:48', '2023-02-05 20:46:48'),
(3, 'Mr. Abraham Anderson', 'Retta Little', 'darien.kerluke@example.org', 'Ayden Schuster', '$2y$10$92IXUNpkjO0rOQ5byMi.Ye4oKoEa3Ro9llC/.og/at2.uheWG/igi', '2023-02-05 20:46:48', '2023-02-05 20:46:48'),
(4, 'Jillian Medhurst', 'Miss Mallie King', 'cremin.justice@example.com', 'Henriette Raynor III', '$2y$10$92IXUNpkjO0rOQ5byMi.Ye4oKoEa3Ro9llC/.og/at2.uheWG/igi', '2023-02-05 20:46:48', '2023-02-05 20:46:48'),
(5, 'Prof. Hoyt Rodriguez Sr.', 'Mr. Enos Gusikowski', 'schuppe.isac@example.com', 'Dena Thompson', '$2y$10$92IXUNpkjO0rOQ5byMi.Ye4oKoEa3Ro9llC/.og/at2.uheWG/igi', '2023-02-05 20:46:48', '2023-02-05 20:46:48'),
(6, 'Nicklaus Lubowitz', 'Miss Yazmin Padberg MD', 'cmiller@example.org', 'Mary Hegmann', '$2y$10$92IXUNpkjO0rOQ5byMi.Ye4oKoEa3Ro9llC/.og/at2.uheWG/igi', '2023-02-05 20:46:48', '2023-02-05 20:46:48'),
(7, 'Salvador Hoeger', 'Elna Christiansen', 'shawn87@example.com', 'Toby Blick', '$2y$10$92IXUNpkjO0rOQ5byMi.Ye4oKoEa3Ro9llC/.og/at2.uheWG/igi', '2023-02-05 20:46:48', '2023-02-05 20:46:48'),
(8, 'Pauline Hahn', 'Emmy Brakus', 'collins.rudy@example.net', 'Joe Hirthe', '$2y$10$92IXUNpkjO0rOQ5byMi.Ye4oKoEa3Ro9llC/.og/at2.uheWG/igi', '2023-02-05 20:46:48', '2023-02-05 20:46:48'),
(9, 'Emmanuelle Bauch', 'Laila Conroy', 'karina.rempel@example.org', 'Jalyn Conn', '$2y$10$92IXUNpkjO0rOQ5byMi.Ye4oKoEa3Ro9llC/.og/at2.uheWG/igi', '2023-02-05 20:46:48', '2023-02-05 20:46:48'),
(10, 'Mr. Hyman Bauch DVM', 'Leanna Thompson', 'eladio44@example.net', 'Julianne Bernier', '$2y$10$92IXUNpkjO0rOQ5byMi.Ye4oKoEa3Ro9llC/.og/at2.uheWG/igi', '2023-02-05 20:46:48', '2023-02-05 20:46:48'),
(11, 'Alexandra Turcotte DVM', 'Dayne Dickens DVM', 'gorczany.kane@example.org', 'Sammy Goodwin', '$2y$10$92IXUNpkjO0rOQ5byMi.Ye4oKoEa3Ro9llC/.og/at2.uheWG/igi', '2023-02-05 20:46:48', '2023-02-05 20:46:48'),
(12, 'Mr. Dimitri McDermott I', 'Prof. Naomie Bergnaum MD', 'reinger.mozelle@example.org', 'Dylan Leuschke', '$2y$10$92IXUNpkjO0rOQ5byMi.Ye4oKoEa3Ro9llC/.og/at2.uheWG/igi', '2023-02-05 20:46:48', '2023-02-05 20:46:48'),
(13, 'Lucas Lind', 'Otis Bahringer', 'jessie.turcotte@example.org', 'Harmony Schoen DVM', '$2y$10$92IXUNpkjO0rOQ5byMi.Ye4oKoEa3Ro9llC/.og/at2.uheWG/igi', '2023-02-05 20:46:48', '2023-02-05 20:46:48'),
(14, 'Uriel Bartoletti', 'Prof. Keith O\'Kon DVM', 'oyundt@example.com', 'Prof. Willis Schroeder', '$2y$10$92IXUNpkjO0rOQ5byMi.Ye4oKoEa3Ro9llC/.og/at2.uheWG/igi', '2023-02-05 20:46:48', '2023-02-05 20:46:48'),
(15, 'Miss America Zulauf', 'Eli Oberbrunner', 'hermann.evelyn@example.com', 'Khalil Schinner', '$2y$10$92IXUNpkjO0rOQ5byMi.Ye4oKoEa3Ro9llC/.og/at2.uheWG/igi', '2023-02-05 20:46:48', '2023-02-05 20:46:48'),
(16, 'Dr. Luis Balistreri', 'Lafayette Littel', 'hharvey@example.com', 'Prof. Reece Grant', '$2y$10$92IXUNpkjO0rOQ5byMi.Ye4oKoEa3Ro9llC/.og/at2.uheWG/igi', '2023-02-05 20:46:48', '2023-02-05 20:46:48'),
(17, 'Jalen Lakin', 'Dr. Javonte Hodkiewicz', 'melvin30@example.net', 'Ardith Orn PhD', '$2y$10$92IXUNpkjO0rOQ5byMi.Ye4oKoEa3Ro9llC/.og/at2.uheWG/igi', '2023-02-05 20:46:48', '2023-02-05 20:46:48'),
(18, 'Marie Parisian', 'Athena Maggio I', 'ebert.germaine@example.org', 'Jacynthe Runte', '$2y$10$92IXUNpkjO0rOQ5byMi.Ye4oKoEa3Ro9llC/.og/at2.uheWG/igi', '2023-02-05 20:46:48', '2023-02-05 20:46:48'),
(19, 'Brennan Metz', 'Lupe Schinner', 'percy.kunde@example.com', 'Prof. Antoinette Nitzsche Sr.', '$2y$10$92IXUNpkjO0rOQ5byMi.Ye4oKoEa3Ro9llC/.og/at2.uheWG/igi', '2023-02-05 20:46:48', '2023-02-05 20:46:48'),
(20, 'Tiara Kling', 'Miss Nikki Sawayn I', 'zgoldner@example.com', 'Zoie Bergnaum', '$2y$10$92IXUNpkjO0rOQ5byMi.Ye4oKoEa3Ro9llC/.og/at2.uheWG/igi', '2023-02-05 20:46:48', '2023-02-05 20:46:48'),
(21, 'Blair Ullrich', 'Marcella Predovic', 'bernhard.amy@example.com', 'Dr. Sterling Carter', '$2y$10$92IXUNpkjO0rOQ5byMi.Ye4oKoEa3Ro9llC/.og/at2.uheWG/igi', '2023-02-05 20:46:48', '2023-02-05 20:46:48'),
(22, 'Johnnie Russel', 'Dr. Angus Lindgren', 'gennaro40@example.org', 'Cassie Gusikowski', '$2y$10$92IXUNpkjO0rOQ5byMi.Ye4oKoEa3Ro9llC/.og/at2.uheWG/igi', '2023-02-05 20:46:48', '2023-02-05 20:46:48'),
(23, 'Eliezer Quigley', 'Lelah Stark', 'uvandervort@example.com', 'Fermin Rodriguez', '$2y$10$92IXUNpkjO0rOQ5byMi.Ye4oKoEa3Ro9llC/.og/at2.uheWG/igi', '2023-02-05 20:46:48', '2023-02-05 20:46:48'),
(24, 'Caterina Howell', 'Eleanore Kris MD', 'kziemann@example.org', 'Bennie Stroman DDS', '$2y$10$92IXUNpkjO0rOQ5byMi.Ye4oKoEa3Ro9llC/.og/at2.uheWG/igi', '2023-02-05 20:46:48', '2023-02-05 20:46:48'),
(25, 'Noble Champlin', 'Ms. Annabell Tremblay', 'carter.estell@example.com', 'Anais Collier DVM', '$2y$10$92IXUNpkjO0rOQ5byMi.Ye4oKoEa3Ro9llC/.og/at2.uheWG/igi', '2023-02-05 20:46:48', '2023-02-05 20:46:48'),
(26, 'Miss Elody Stiedemann DDS', 'Elian Pacocha', 'bernhard57@example.com', 'Adolph Cartwright', '$2y$10$92IXUNpkjO0rOQ5byMi.Ye4oKoEa3Ro9llC/.og/at2.uheWG/igi', '2023-02-05 20:46:48', '2023-02-05 20:46:48'),
(27, 'Gwen O\'Hara V', 'Delaney Bartoletti I', 'ricky.vonrueden@example.com', 'Robbie Walter', '$2y$10$92IXUNpkjO0rOQ5byMi.Ye4oKoEa3Ro9llC/.og/at2.uheWG/igi', '2023-02-05 20:46:48', '2023-02-05 20:46:48'),
(28, 'Jailyn Johns', 'Taryn Heidenreich', 'hoppe.norbert@example.com', 'Maybelle Bartoletti', '$2y$10$92IXUNpkjO0rOQ5byMi.Ye4oKoEa3Ro9llC/.og/at2.uheWG/igi', '2023-02-05 20:46:48', '2023-02-05 20:46:48'),
(29, 'Howard Bradtke DVM', 'Ayden Tromp Sr.', 'vherzog@example.net', 'Ozella Kuhlman', '$2y$10$92IXUNpkjO0rOQ5byMi.Ye4oKoEa3Ro9llC/.og/at2.uheWG/igi', '2023-02-05 20:46:48', '2023-02-05 20:46:48'),
(30, 'Eduardo Durgan', 'Prof. Tommie Runolfsdottir DVM', 'cormier.bonnie@example.org', 'Prof. Christop Hoppe Sr.', '$2y$10$92IXUNpkjO0rOQ5byMi.Ye4oKoEa3Ro9llC/.og/at2.uheWG/igi', '2023-02-05 20:46:48', '2023-02-05 20:46:48'),
(31, 'Nikolas Wilkinson', 'Larue Mraz', 'jovanny.beier@example.org', 'Elvie Powlowski MD', '$2y$10$92IXUNpkjO0rOQ5byMi.Ye4oKoEa3Ro9llC/.og/at2.uheWG/igi', '2023-02-05 20:46:48', '2023-02-05 20:46:48'),
(32, 'Herminia Goldner', 'Porter Stroman DVM', 'davonte61@example.org', 'Ms. Madonna Emmerich DDS', '$2y$10$92IXUNpkjO0rOQ5byMi.Ye4oKoEa3Ro9llC/.og/at2.uheWG/igi', '2023-02-05 20:46:48', '2023-02-05 20:46:48'),
(33, 'Vidal Flatley', 'Prof. Kathryne Anderson', 'harvey.brittany@example.org', 'Ashly Kuphal', '$2y$10$92IXUNpkjO0rOQ5byMi.Ye4oKoEa3Ro9llC/.og/at2.uheWG/igi', '2023-02-05 20:46:48', '2023-02-05 20:46:48'),
(34, 'Ubaldo Gusikowski DDS', 'Dr. Isaiah Quitzon', 'brown.davis@example.net', 'Katlyn Sawayn', '$2y$10$92IXUNpkjO0rOQ5byMi.Ye4oKoEa3Ro9llC/.og/at2.uheWG/igi', '2023-02-05 20:46:48', '2023-02-05 20:46:48'),
(35, 'Aleen Cartwright', 'Assunta White', 'yhaag@example.org', 'Gerry Schumm', '$2y$10$92IXUNpkjO0rOQ5byMi.Ye4oKoEa3Ro9llC/.og/at2.uheWG/igi', '2023-02-05 20:46:48', '2023-02-05 20:46:48'),
(36, 'Alexandria Schmidt', 'Wilfred Wisoky', 'deanna22@example.net', 'Deontae Fay', '$2y$10$92IXUNpkjO0rOQ5byMi.Ye4oKoEa3Ro9llC/.og/at2.uheWG/igi', '2023-02-05 20:46:48', '2023-02-05 20:46:48'),
(37, 'Alvina Ortiz DVM', 'Teagan Bergstrom', 'qwilderman@example.org', 'Lou Smitham', '$2y$10$92IXUNpkjO0rOQ5byMi.Ye4oKoEa3Ro9llC/.og/at2.uheWG/igi', '2023-02-05 20:46:48', '2023-02-05 20:46:48'),
(38, 'Webster Flatley IV', 'Prof. Providenci Boyle', 'cordie92@example.net', 'Cleve Pagac', '$2y$10$92IXUNpkjO0rOQ5byMi.Ye4oKoEa3Ro9llC/.og/at2.uheWG/igi', '2023-02-05 20:46:48', '2023-02-05 20:46:48'),
(39, 'Kaitlyn Mueller', 'Lyla Morar', 'ruthie.zulauf@example.com', 'Joan Braun', '$2y$10$92IXUNpkjO0rOQ5byMi.Ye4oKoEa3Ro9llC/.og/at2.uheWG/igi', '2023-02-05 20:46:48', '2023-02-05 20:46:48'),
(40, 'Lavada Thompson MD', 'Miss Harmony Schuster III', 'vlind@example.net', 'Ms. Jackie Kessler DDS', '$2y$10$92IXUNpkjO0rOQ5byMi.Ye4oKoEa3Ro9llC/.og/at2.uheWG/igi', '2023-02-05 20:46:48', '2023-02-05 20:46:48'),
(41, 'Kasandra Howe', 'Mr. Ryder Schaefer', 'chris.waelchi@example.org', 'Germaine Corwin', '$2y$10$92IXUNpkjO0rOQ5byMi.Ye4oKoEa3Ro9llC/.og/at2.uheWG/igi', '2023-02-05 20:46:48', '2023-02-05 20:46:48'),
(42, 'Violet Cummerata', 'Kelsie Lindgren', 'arne.rempel@example.org', 'Raymond Hahn V', '$2y$10$92IXUNpkjO0rOQ5byMi.Ye4oKoEa3Ro9llC/.og/at2.uheWG/igi', '2023-02-05 20:46:48', '2023-02-05 20:46:48'),
(43, 'Zack Rosenbaum', 'Gloria Lemke', 'djacobson@example.net', 'Aida Morar', '$2y$10$92IXUNpkjO0rOQ5byMi.Ye4oKoEa3Ro9llC/.og/at2.uheWG/igi', '2023-02-05 20:46:48', '2023-02-05 20:46:48'),
(44, 'Korbin Schaefer', 'Daphney Okuneva', 'elza.rodriguez@example.org', 'Josiane Roberts', '$2y$10$92IXUNpkjO0rOQ5byMi.Ye4oKoEa3Ro9llC/.og/at2.uheWG/igi', '2023-02-05 20:46:48', '2023-02-05 20:46:48'),
(45, 'Ms. Micaela Moen I', 'Prof. Obie Gerlach III', 'mpagac@example.com', 'Prof. Irma Will Jr.', '$2y$10$92IXUNpkjO0rOQ5byMi.Ye4oKoEa3Ro9llC/.og/at2.uheWG/igi', '2023-02-05 20:46:48', '2023-02-05 20:46:48'),
(46, 'Arnaldo Conn', 'Michelle Rolfson', 'kub.ava@example.net', 'Jose Bailey', '$2y$10$92IXUNpkjO0rOQ5byMi.Ye4oKoEa3Ro9llC/.og/at2.uheWG/igi', '2023-02-05 20:46:48', '2023-02-05 20:46:48'),
(47, 'Loyal Cruickshank', 'Prof. Maverick Brekke', 'ilangosh@example.org', 'Katelynn Keeling', '$2y$10$92IXUNpkjO0rOQ5byMi.Ye4oKoEa3Ro9llC/.og/at2.uheWG/igi', '2023-02-05 20:46:48', '2023-02-05 20:46:48'),
(48, 'Raphaelle Jacobson', 'Leanna Hagenes', 'cjenkins@example.com', 'Ora Langosh', '$2y$10$92IXUNpkjO0rOQ5byMi.Ye4oKoEa3Ro9llC/.og/at2.uheWG/igi', '2023-02-05 20:46:48', '2023-02-05 20:46:48'),
(49, 'Meaghan Weber II', 'Hope Armstrong', 'ivy21@example.net', 'Kaitlin Feil', '$2y$10$92IXUNpkjO0rOQ5byMi.Ye4oKoEa3Ro9llC/.og/at2.uheWG/igi', '2023-02-05 20:46:48', '2023-02-05 20:46:48'),
(50, 'Alberta Harber', 'Dr. Baylee Herzog', 'lchamplin@example.net', 'Tania Gibson', '$2y$10$92IXUNpkjO0rOQ5byMi.Ye4oKoEa3Ro9llC/.og/at2.uheWG/igi', '2023-02-05 20:46:48', '2023-02-05 20:46:48'),
(51, 'Mrs. Brionna Bauch', 'Dawson Shanahan', 'rschaden@example.com', 'Nicolette Koss II', '$2y$10$92IXUNpkjO0rOQ5byMi.Ye4oKoEa3Ro9llC/.og/at2.uheWG/igi', '2023-02-05 20:46:48', '2023-02-05 20:46:48'),
(52, 'Beatrice Oberbrunner', 'Dr. Baron Feeney Jr.', 'dblanda@example.net', 'Remington Wiegand', '$2y$10$92IXUNpkjO0rOQ5byMi.Ye4oKoEa3Ro9llC/.og/at2.uheWG/igi', '2023-02-05 20:46:48', '2023-02-05 20:46:48'),
(53, 'Lupe Gutkowski V', 'Shakira McKenzie V', 'hermiston.eugene@example.org', 'Ms. Brisa McLaughlin I', '$2y$10$92IXUNpkjO0rOQ5byMi.Ye4oKoEa3Ro9llC/.og/at2.uheWG/igi', '2023-02-05 20:46:48', '2023-02-05 20:46:48'),
(54, 'Verda Stanton', 'Mrs. Syble Dickens V', 'eddie.tillman@example.com', 'Chaz Doyle', '$2y$10$92IXUNpkjO0rOQ5byMi.Ye4oKoEa3Ro9llC/.og/at2.uheWG/igi', '2023-02-05 20:46:48', '2023-02-05 20:46:48'),
(55, 'Eula Graham', 'Mrs. Ashlynn Ernser MD', 'laurence41@example.net', 'Darryl Conroy', '$2y$10$92IXUNpkjO0rOQ5byMi.Ye4oKoEa3Ro9llC/.og/at2.uheWG/igi', '2023-02-05 20:46:48', '2023-02-05 20:46:48'),
(56, 'Mr. Landen Aufderhar I', 'Amira Pollich III', 'rohan.tate@example.com', 'Roberta Heller', '$2y$10$92IXUNpkjO0rOQ5byMi.Ye4oKoEa3Ro9llC/.og/at2.uheWG/igi', '2023-02-05 20:46:48', '2023-02-05 20:46:48'),
(57, 'Frederic Stehr PhD', 'Prof. Kendra Hackett Sr.', 'stark.miles@example.com', 'Ottis Prohaska', '$2y$10$92IXUNpkjO0rOQ5byMi.Ye4oKoEa3Ro9llC/.og/at2.uheWG/igi', '2023-02-05 20:46:48', '2023-02-05 20:46:48'),
(58, 'Jaqueline Hackett', 'Brian West', 'johns.trever@example.net', 'Kaci Rogahn', '$2y$10$92IXUNpkjO0rOQ5byMi.Ye4oKoEa3Ro9llC/.og/at2.uheWG/igi', '2023-02-05 20:46:48', '2023-02-05 20:46:48'),
(59, 'Ms. Myah Schumm II', 'Cathryn Fritsch', 'zemlak.may@example.net', 'Bernice Lakin', '$2y$10$92IXUNpkjO0rOQ5byMi.Ye4oKoEa3Ro9llC/.og/at2.uheWG/igi', '2023-02-05 20:46:48', '2023-02-05 20:46:48'),
(60, 'Mr. Tracey Wuckert', 'Fredrick Bogan', 'pedro76@example.net', 'Dr. Garret Schiller', '$2y$10$92IXUNpkjO0rOQ5byMi.Ye4oKoEa3Ro9llC/.og/at2.uheWG/igi', '2023-02-05 20:46:48', '2023-02-05 20:46:48'),
(61, 'Hilma Runolfsson', 'Prof. Ephraim Nader III', 'michaela.hintz@example.net', 'Foster McCullough', '$2y$10$92IXUNpkjO0rOQ5byMi.Ye4oKoEa3Ro9llC/.og/at2.uheWG/igi', '2023-02-05 20:46:48', '2023-02-05 20:46:48'),
(62, 'Mrs. Belle Howe', 'Rodolfo Jenkins DDS', 'walker.elliot@example.org', 'Prof. General O\'Hara II', '$2y$10$92IXUNpkjO0rOQ5byMi.Ye4oKoEa3Ro9llC/.og/at2.uheWG/igi', '2023-02-05 20:46:48', '2023-02-05 20:46:48'),
(63, 'Sage Glover', 'Sadye Reinger', 'darrell06@example.com', 'Benjamin Wehner PhD', '$2y$10$92IXUNpkjO0rOQ5byMi.Ye4oKoEa3Ro9llC/.og/at2.uheWG/igi', '2023-02-05 20:46:48', '2023-02-05 20:46:48'),
(64, 'Aliyah Boyer', 'Liliane Cormier', 'adolphus.roberts@example.org', 'Jana O\'Hara', '$2y$10$92IXUNpkjO0rOQ5byMi.Ye4oKoEa3Ro9llC/.og/at2.uheWG/igi', '2023-02-05 20:46:48', '2023-02-05 20:46:48'),
(65, 'Robbie Beatty DDS', 'Demetris Erdman', 'april.hermann@example.org', 'Prof. Dane Schimmel', '$2y$10$92IXUNpkjO0rOQ5byMi.Ye4oKoEa3Ro9llC/.og/at2.uheWG/igi', '2023-02-05 20:46:48', '2023-02-05 20:46:48'),
(66, 'Dr. Brain Rodriguez', 'Lacy Aufderhar', 'bettye38@example.org', 'Lottie Robel', '$2y$10$92IXUNpkjO0rOQ5byMi.Ye4oKoEa3Ro9llC/.og/at2.uheWG/igi', '2023-02-05 20:46:48', '2023-02-05 20:46:48'),
(67, 'Jerel Herman', 'Brycen Langosh', 'ojaskolski@example.com', 'Ada Deckow', '$2y$10$92IXUNpkjO0rOQ5byMi.Ye4oKoEa3Ro9llC/.og/at2.uheWG/igi', '2023-02-05 20:46:48', '2023-02-05 20:46:48'),
(68, 'Jayden Gerlach', 'Buck Willms', 'lehner.mitchel@example.net', 'Tina Paucek', '$2y$10$92IXUNpkjO0rOQ5byMi.Ye4oKoEa3Ro9llC/.og/at2.uheWG/igi', '2023-02-05 20:46:48', '2023-02-05 20:46:48'),
(69, 'Jana Kuhic', 'Minerva Lebsack', 'kyle69@example.com', 'Shaina Pacocha', '$2y$10$92IXUNpkjO0rOQ5byMi.Ye4oKoEa3Ro9llC/.og/at2.uheWG/igi', '2023-02-05 20:46:48', '2023-02-05 20:46:48'),
(70, 'Ms. Flavie Wintheiser', 'Prof. Ewell Simonis III', 'pacocha.janet@example.com', 'Helena Shanahan', '$2y$10$92IXUNpkjO0rOQ5byMi.Ye4oKoEa3Ro9llC/.og/at2.uheWG/igi', '2023-02-05 20:46:48', '2023-02-05 20:46:48'),
(71, 'Lauretta Moore', 'Hettie Waters', 'blaise06@example.com', 'Mr. Carmelo Beahan I', '$2y$10$92IXUNpkjO0rOQ5byMi.Ye4oKoEa3Ro9llC/.og/at2.uheWG/igi', '2023-02-05 20:46:48', '2023-02-05 20:46:48'),
(72, 'Miss Bailee Walker', 'Rigoberto Brown Jr.', 'utowne@example.org', 'Dr. Obie Stark II', '$2y$10$92IXUNpkjO0rOQ5byMi.Ye4oKoEa3Ro9llC/.og/at2.uheWG/igi', '2023-02-05 20:46:48', '2023-02-05 20:46:48'),
(73, 'Dr. Brian Bogan', 'Creola Olson', 'goyette.jedediah@example.org', 'Gilbert Schamberger', '$2y$10$92IXUNpkjO0rOQ5byMi.Ye4oKoEa3Ro9llC/.og/at2.uheWG/igi', '2023-02-05 20:46:48', '2023-02-05 20:46:48'),
(74, 'Torey Lueilwitz', 'Prof. Lon Bogan MD', 'mabelle.bernhard@example.net', 'Lazaro Ziemann', '$2y$10$92IXUNpkjO0rOQ5byMi.Ye4oKoEa3Ro9llC/.og/at2.uheWG/igi', '2023-02-05 20:46:48', '2023-02-05 20:46:48'),
(75, 'Myra Wolf', 'Miss Noemi VonRueden Jr.', 'ogreenholt@example.org', 'Akeem Luettgen', '$2y$10$92IXUNpkjO0rOQ5byMi.Ye4oKoEa3Ro9llC/.og/at2.uheWG/igi', '2023-02-05 20:46:48', '2023-02-05 20:46:48'),
(76, 'Doris Hand III', 'Dameon Zulauf', 'utreutel@example.net', 'Geovanny Hayes', '$2y$10$92IXUNpkjO0rOQ5byMi.Ye4oKoEa3Ro9llC/.og/at2.uheWG/igi', '2023-02-05 20:46:48', '2023-02-05 20:46:48'),
(77, 'Cleora Swift', 'Nedra Funk MD', 'keshaun.mayer@example.com', 'Evalyn Johns', '$2y$10$92IXUNpkjO0rOQ5byMi.Ye4oKoEa3Ro9llC/.og/at2.uheWG/igi', '2023-02-05 20:46:48', '2023-02-05 20:46:48'),
(78, 'Ms. Mittie Auer', 'Shanny Baumbach', 'xsauer@example.com', 'Shaina Sporer IV', '$2y$10$92IXUNpkjO0rOQ5byMi.Ye4oKoEa3Ro9llC/.og/at2.uheWG/igi', '2023-02-05 20:46:48', '2023-02-05 20:46:48'),
(79, 'Dr. Ferne Yundt', 'Miss Camille Goldner V', 'bkrajcik@example.org', 'Violette Ankunding', '$2y$10$92IXUNpkjO0rOQ5byMi.Ye4oKoEa3Ro9llC/.og/at2.uheWG/igi', '2023-02-05 20:46:48', '2023-02-05 20:46:48'),
(80, 'Chyna Strosin', 'Dr. Eddie Mills', 'collier.asa@example.net', 'Fabiola Cartwright', '$2y$10$92IXUNpkjO0rOQ5byMi.Ye4oKoEa3Ro9llC/.og/at2.uheWG/igi', '2023-02-05 20:46:48', '2023-02-05 20:46:48'),
(81, 'Thad Weimann', 'Lia Predovic', 'murray.margarett@example.net', 'Abelardo Lubowitz', '$2y$10$92IXUNpkjO0rOQ5byMi.Ye4oKoEa3Ro9llC/.og/at2.uheWG/igi', '2023-02-05 20:46:48', '2023-02-05 20:46:48'),
(82, 'Dr. Heath Ledner', 'Fritz Bayer', 'oran.dickens@example.com', 'Cruz Kiehn', '$2y$10$92IXUNpkjO0rOQ5byMi.Ye4oKoEa3Ro9llC/.og/at2.uheWG/igi', '2023-02-05 20:46:48', '2023-02-05 20:46:48'),
(83, 'Hal Simonis', 'Lora Crist', 'bonnie.schaden@example.com', 'Mohammed Stoltenberg', '$2y$10$92IXUNpkjO0rOQ5byMi.Ye4oKoEa3Ro9llC/.og/at2.uheWG/igi', '2023-02-05 20:46:48', '2023-02-05 20:46:48'),
(84, 'Miss Briana Pollich', 'Myah Paucek', 'jerry01@example.org', 'Blaze Ernser', '$2y$10$92IXUNpkjO0rOQ5byMi.Ye4oKoEa3Ro9llC/.og/at2.uheWG/igi', '2023-02-05 20:46:48', '2023-02-05 20:46:48'),
(85, 'Ashley Mueller', 'Mr. Brennan Bosco', 'sierra93@example.org', 'Elroy Leuschke', '$2y$10$92IXUNpkjO0rOQ5byMi.Ye4oKoEa3Ro9llC/.og/at2.uheWG/igi', '2023-02-05 20:46:48', '2023-02-05 20:46:48'),
(86, 'Garfield Emmerich DVM', 'Miss Tyra King Sr.', 'fkozey@example.com', 'Ian Hudson', '$2y$10$92IXUNpkjO0rOQ5byMi.Ye4oKoEa3Ro9llC/.og/at2.uheWG/igi', '2023-02-05 20:46:48', '2023-02-05 20:46:48'),
(87, 'Nicolas McGlynn', 'Wilma Upton', 'konopelski.anita@example.org', 'Antonio Schaefer', '$2y$10$92IXUNpkjO0rOQ5byMi.Ye4oKoEa3Ro9llC/.og/at2.uheWG/igi', '2023-02-05 20:46:48', '2023-02-05 20:46:48'),
(88, 'Dr. Franz Lehner', 'Daisha Emmerich', 'tdibbert@example.net', 'Freda Pfannerstill', '$2y$10$92IXUNpkjO0rOQ5byMi.Ye4oKoEa3Ro9llC/.og/at2.uheWG/igi', '2023-02-05 20:46:48', '2023-02-05 20:46:48'),
(89, 'Miller Osinski', 'Miss Alfreda Schroeder II', 'audie84@example.org', 'Orlando Wolff', '$2y$10$92IXUNpkjO0rOQ5byMi.Ye4oKoEa3Ro9llC/.og/at2.uheWG/igi', '2023-02-05 20:46:48', '2023-02-05 20:46:48'),
(90, 'Miss Eileen Doyle', 'Baylee Wuckert', 'michaela85@example.org', 'Prof. Aglae Crooks V', '$2y$10$92IXUNpkjO0rOQ5byMi.Ye4oKoEa3Ro9llC/.og/at2.uheWG/igi', '2023-02-05 20:46:48', '2023-02-05 20:46:48'),
(91, 'Maxie Halvorson', 'Belle VonRueden', 'piper37@example.org', 'Dr. Sierra Leuschke', '$2y$10$92IXUNpkjO0rOQ5byMi.Ye4oKoEa3Ro9llC/.og/at2.uheWG/igi', '2023-02-05 20:46:48', '2023-02-05 20:46:48'),
(92, 'Dr. Francesco Kihn', 'Hiram Hessel IV', 'gerlach.guy@example.net', 'Courtney Jones', '$2y$10$92IXUNpkjO0rOQ5byMi.Ye4oKoEa3Ro9llC/.og/at2.uheWG/igi', '2023-02-05 20:46:48', '2023-02-05 20:46:48'),
(93, 'Prof. Eloy Skiles', 'Dahlia Schultz IV', 'rkoch@example.net', 'Miss Linnea Eichmann Sr.', '$2y$10$92IXUNpkjO0rOQ5byMi.Ye4oKoEa3Ro9llC/.og/at2.uheWG/igi', '2023-02-05 20:46:48', '2023-02-05 20:46:48'),
(94, 'Winifred Roob', 'Anika Gutkowski', 'markus64@example.org', 'Mr. Hilbert Kunde DVM', '$2y$10$92IXUNpkjO0rOQ5byMi.Ye4oKoEa3Ro9llC/.og/at2.uheWG/igi', '2023-02-05 20:46:48', '2023-02-05 20:46:48'),
(95, 'Johan Buckridge', 'Gerard Kling', 'owalter@example.com', 'Lew Kuvalis', '$2y$10$92IXUNpkjO0rOQ5byMi.Ye4oKoEa3Ro9llC/.og/at2.uheWG/igi', '2023-02-05 20:46:48', '2023-02-05 20:46:48'),
(96, 'Dr. Bridget Kozey MD', 'Dr. Avery Strosin II', 'edythe70@example.net', 'Mrs. Suzanne Ledner', '$2y$10$92IXUNpkjO0rOQ5byMi.Ye4oKoEa3Ro9llC/.og/at2.uheWG/igi', '2023-02-05 20:46:48', '2023-02-05 20:46:48'),
(97, 'Betsy Herman', 'Connie Dicki', 'giuseppe.stark@example.org', 'Gabriel Raynor', '$2y$10$92IXUNpkjO0rOQ5byMi.Ye4oKoEa3Ro9llC/.og/at2.uheWG/igi', '2023-02-05 20:46:48', '2023-02-05 20:46:48'),
(98, 'Kamron Treutel', 'Maurine Bins DDS', 'jayme.fisher@example.com', 'Ava Davis', '$2y$10$92IXUNpkjO0rOQ5byMi.Ye4oKoEa3Ro9llC/.og/at2.uheWG/igi', '2023-02-05 20:46:48', '2023-02-05 20:46:48'),
(99, 'Prof. Brenden Schmeler II', 'Dr. Edward Jaskolski IV', 'tstracke@example.com', 'Mr. Garnet Windler', '$2y$10$92IXUNpkjO0rOQ5byMi.Ye4oKoEa3Ro9llC/.og/at2.uheWG/igi', '2023-02-05 20:46:48', '2023-02-05 20:46:48'),
(100, 'Mervin Roberts', 'Antwon Russel DVM', 'daniella.hauck@example.org', 'Dr. Keanu Shanahan', '$2y$10$92IXUNpkjO0rOQ5byMi.Ye4oKoEa3Ro9llC/.og/at2.uheWG/igi', '2023-02-05 20:46:48', '2023-02-05 20:46:48'),
(101, 'Corrine Bartoletti', 'Teresa Jacobi', 'earlene.dooley@example.org', 'Dr. Reggie Rohan Jr.', '$2y$10$92IXUNpkjO0rOQ5byMi.Ye4oKoEa3Ro9llC/.og/at2.uheWG/igi', '2023-02-05 20:46:48', '2023-02-05 20:46:48'),
(102, 'Eldon Brakus', 'Lysanne Wilkinson', 'rene.runolfsson@example.com', 'Cheyanne Shields MD', '$2y$10$92IXUNpkjO0rOQ5byMi.Ye4oKoEa3Ro9llC/.og/at2.uheWG/igi', '2023-02-05 20:46:48', '2023-02-05 20:46:48'),
(104, 'Maria Bode', 'Larissa Keeling', 'shane.kessler@example.com', 'Miss Vivien Bednar', '$2y$10$92IXUNpkjO0rOQ5byMi.Ye4oKoEa3Ro9llC/.og/at2.uheWG/igi', '2023-02-05 20:46:48', '2023-02-05 20:46:48'),
(105, 'Dr. Aaliyah Ruecker PhD', 'Bertrand Yost', 'xwest@example.com', 'Erik Walker Jr.', '$2y$10$92IXUNpkjO0rOQ5byMi.Ye4oKoEa3Ro9llC/.og/at2.uheWG/igi', '2023-02-05 20:46:48', '2023-02-05 20:46:48'),
(106, 'Samson Howell MD', 'Bennie Cormier', 'spinka.annamae@example.net', 'Destinee Crona', '$2y$10$92IXUNpkjO0rOQ5byMi.Ye4oKoEa3Ro9llC/.og/at2.uheWG/igi', '2023-02-05 20:46:48', '2023-02-05 20:46:48'),
(107, 'Kari Turcotte', 'Prof. Toni Koepp', 'madalyn29@example.net', 'Prof. Chelsey Koch MD', '$2y$10$92IXUNpkjO0rOQ5byMi.Ye4oKoEa3Ro9llC/.og/at2.uheWG/igi', '2023-02-05 20:46:48', '2023-02-05 20:46:48'),
(108, 'Sarah Dietrich', 'Amelie Konopelski', 'hamill.delta@example.net', 'Prof. Stella Mueller', '$2y$10$92IXUNpkjO0rOQ5byMi.Ye4oKoEa3Ro9llC/.og/at2.uheWG/igi', '2023-02-05 20:46:48', '2023-02-05 20:46:48'),
(109, 'Emelia Balistreri', 'Kenyatta Romaguera', 'kparker@example.org', 'Mr. Donnie Lowe MD', '$2y$10$92IXUNpkjO0rOQ5byMi.Ye4oKoEa3Ro9llC/.og/at2.uheWG/igi', '2023-02-05 20:46:48', '2023-02-05 20:46:48'),
(110, 'Tracey Maggio', 'Ms. Darlene Mraz II', 'xbosco@example.com', 'Gwen Schneider', '$2y$10$92IXUNpkjO0rOQ5byMi.Ye4oKoEa3Ro9llC/.og/at2.uheWG/igi', '2023-02-05 20:46:48', '2023-02-05 20:46:48'),
(111, 'Sasha Cassin Jr.', 'Caroline Stiedemann Jr.', 'koelpin.viviane@example.com', 'Elva Rice', '$2y$10$92IXUNpkjO0rOQ5byMi.Ye4oKoEa3Ro9llC/.og/at2.uheWG/igi', '2023-02-05 20:46:48', '2023-02-05 20:46:48'),
(112, 'Clarissa Schmeler Jr.', 'Sharon Reichel', 'ghartmann@example.org', 'Elisa Howell IV', '$2y$10$92IXUNpkjO0rOQ5byMi.Ye4oKoEa3Ro9llC/.og/at2.uheWG/igi', '2023-02-05 20:46:48', '2023-02-05 20:46:48'),
(113, 'Ms. Virginia Reynolds II', 'Ruthe Auer', 'opal74@example.com', 'Cecelia Kuhic', '$2y$10$92IXUNpkjO0rOQ5byMi.Ye4oKoEa3Ro9llC/.og/at2.uheWG/igi', '2023-02-05 20:46:48', '2023-02-05 20:46:48'),
(114, 'Prof. Judy Waelchi DDS', 'Camila Cassin', 'pouros.sandra@example.net', 'Stefanie Herman', '$2y$10$92IXUNpkjO0rOQ5byMi.Ye4oKoEa3Ro9llC/.og/at2.uheWG/igi', '2023-02-05 20:46:48', '2023-02-05 20:46:48'),
(115, 'Olaf Ullrich', 'Nettie Sauer', 'christiansen.beth@example.net', 'Verlie Lang', '$2y$10$92IXUNpkjO0rOQ5byMi.Ye4oKoEa3Ro9llC/.og/at2.uheWG/igi', '2023-02-05 20:46:48', '2023-02-05 20:46:48'),
(116, 'Mrs. Zoe Kreiger', 'Kaci Effertz', 'gschumm@example.net', 'Clare Anderson', '$2y$10$92IXUNpkjO0rOQ5byMi.Ye4oKoEa3Ro9llC/.og/at2.uheWG/igi', '2023-02-05 20:46:48', '2023-02-05 20:46:48'),
(117, 'Dr. Wellington Franecki', 'Arjun Hills DDS', 'randy40@example.com', 'Craig Bosco', '$2y$10$92IXUNpkjO0rOQ5byMi.Ye4oKoEa3Ro9llC/.og/at2.uheWG/igi', '2023-02-05 20:46:48', '2023-02-05 20:46:48'),
(118, 'Janae Zulauf PhD', 'Tess Streich', 'blanda.tom@example.net', 'Lori McDermott', '$2y$10$92IXUNpkjO0rOQ5byMi.Ye4oKoEa3Ro9llC/.og/at2.uheWG/igi', '2023-02-05 20:46:48', '2023-02-05 20:46:48'),
(119, 'Ransom Spinka PhD', 'Hans Gaylord', 'guy.conroy@example.com', 'Forest Bernier', '$2y$10$92IXUNpkjO0rOQ5byMi.Ye4oKoEa3Ro9llC/.og/at2.uheWG/igi', '2023-02-05 20:46:48', '2023-02-05 20:46:48'),
(120, 'Prof. Saige Reinger DVM', 'Lilliana Lakin', 'birdie28@example.net', 'Kariane Kulas', '$2y$10$92IXUNpkjO0rOQ5byMi.Ye4oKoEa3Ro9llC/.og/at2.uheWG/igi', '2023-02-05 20:46:48', '2023-02-05 20:46:48'),
(121, 'Ruthie Denesik', 'Marvin Little MD', 'maudie.kutch@example.net', 'Dr. Newton Pollich II', '$2y$10$92IXUNpkjO0rOQ5byMi.Ye4oKoEa3Ro9llC/.og/at2.uheWG/igi', '2023-02-05 20:46:48', '2023-02-05 20:46:48'),
(122, 'Mr. Ben Connelly', 'Mireille Smith', 'foconnell@example.com', 'Mrs. Evie O\'Reilly', '$2y$10$92IXUNpkjO0rOQ5byMi.Ye4oKoEa3Ro9llC/.og/at2.uheWG/igi', '2023-02-05 20:46:48', '2023-02-05 20:46:48'),
(123, 'Cora Bashirian', 'Mitchel Howell', 'dana43@example.net', 'Alba Altenwerth', '$2y$10$92IXUNpkjO0rOQ5byMi.Ye4oKoEa3Ro9llC/.og/at2.uheWG/igi', '2023-02-05 20:46:48', '2023-02-05 20:46:48'),
(124, 'Douglas Ruecker', 'Sanford Mayer', 'faustino.damore@example.org', 'Wyman Kilback', '$2y$10$92IXUNpkjO0rOQ5byMi.Ye4oKoEa3Ro9llC/.og/at2.uheWG/igi', '2023-02-05 20:46:48', '2023-02-05 20:46:48'),
(125, 'Prof. Keira Balistreri II', 'Lucas Fadel', 'wisoky.danielle@example.com', 'Hope Bradtke V', '$2y$10$92IXUNpkjO0rOQ5byMi.Ye4oKoEa3Ro9llC/.og/at2.uheWG/igi', '2023-02-05 20:46:48', '2023-02-05 20:46:48'),
(126, 'Ayden Bartell MD', 'Jamal Tillman', 'golda.runte@example.org', 'Hobart Bartell', '$2y$10$92IXUNpkjO0rOQ5byMi.Ye4oKoEa3Ro9llC/.og/at2.uheWG/igi', '2023-02-05 20:46:48', '2023-02-05 20:46:48'),
(127, 'Garret Johns MD', 'Walker Streich', 'xwilliamson@example.org', 'Garland DuBuque Jr.', '$2y$10$92IXUNpkjO0rOQ5byMi.Ye4oKoEa3Ro9llC/.og/at2.uheWG/igi', '2023-02-05 20:46:48', '2023-02-05 20:46:48'),
(128, 'Roxanne O\'Keefe', 'Enoch Murazik', 'iharber@example.net', 'Mrs. Mireya Fahey', '$2y$10$92IXUNpkjO0rOQ5byMi.Ye4oKoEa3Ro9llC/.og/at2.uheWG/igi', '2023-02-05 20:46:48', '2023-02-05 20:46:48'),
(129, 'Mr. Terry Torp', 'Mrs. Heidi Windler', 'ines.kemmer@example.net', 'Harvey Crona Jr.', '$2y$10$92IXUNpkjO0rOQ5byMi.Ye4oKoEa3Ro9llC/.og/at2.uheWG/igi', '2023-02-05 20:46:48', '2023-02-05 20:46:48'),
(130, 'Miss Norene Schoen Jr.', 'Keira Walker', 'charles.mante@example.net', 'Ivah Funk DVM', '$2y$10$92IXUNpkjO0rOQ5byMi.Ye4oKoEa3Ro9llC/.og/at2.uheWG/igi', '2023-02-05 20:46:48', '2023-02-05 20:46:48'),
(131, 'Aiyana Pouros', 'Mrs. Lola West III', 'friesen.christophe@example.com', 'Prof. Donald McGlynn MD', '$2y$10$92IXUNpkjO0rOQ5byMi.Ye4oKoEa3Ro9llC/.og/at2.uheWG/igi', '2023-02-05 20:46:48', '2023-02-05 20:46:48'),
(132, 'Shaun Gleason', 'Dina Schowalter', 'ashlynn36@example.com', 'Gaetano Bashirian', '$2y$10$92IXUNpkjO0rOQ5byMi.Ye4oKoEa3Ro9llC/.og/at2.uheWG/igi', '2023-02-05 20:46:48', '2023-02-05 20:46:48'),
(133, 'Dr. Robb Klocko', 'Jaydon Hoeger', 'gerhold.otis@example.net', 'Mrs. Vella Marks', '$2y$10$92IXUNpkjO0rOQ5byMi.Ye4oKoEa3Ro9llC/.og/at2.uheWG/igi', '2023-02-05 20:46:48', '2023-02-05 20:46:48'),
(134, 'Dasia Thompson', 'Rafaela Wunsch', 'clifton.graham@example.net', 'Mr. Dave Feil III', '$2y$10$92IXUNpkjO0rOQ5byMi.Ye4oKoEa3Ro9llC/.og/at2.uheWG/igi', '2023-02-05 20:46:48', '2023-02-05 20:46:48'),
(135, 'Carley Quitzon MD', 'Murl McDermott', 'egleason@example.net', 'Letha Morar', '$2y$10$92IXUNpkjO0rOQ5byMi.Ye4oKoEa3Ro9llC/.og/at2.uheWG/igi', '2023-02-05 20:46:48', '2023-02-05 20:46:48'),
(136, 'Cathrine Considine', 'Angelo Predovic', 'estefania36@example.org', 'Glennie Hessel', '$2y$10$92IXUNpkjO0rOQ5byMi.Ye4oKoEa3Ro9llC/.og/at2.uheWG/igi', '2023-02-05 20:46:48', '2023-02-05 20:46:48'),
(137, 'Emilia Medhurst', 'Helene Haag PhD', 'gorczany.jaunita@example.net', 'Josianne White', '$2y$10$92IXUNpkjO0rOQ5byMi.Ye4oKoEa3Ro9llC/.og/at2.uheWG/igi', '2023-02-05 20:46:48', '2023-02-05 20:46:48'),
(138, 'Evalyn Lubowitz', 'Dr. Dan Feeney', 'bertha01@example.net', 'Magali Bosco', '$2y$10$92IXUNpkjO0rOQ5byMi.Ye4oKoEa3Ro9llC/.og/at2.uheWG/igi', '2023-02-05 20:46:48', '2023-02-05 20:46:48'),
(139, 'Richard Rolfson MD', 'Nina Schulist', 'dedric63@example.net', 'Mrs. Anna Spencer DVM', '$2y$10$92IXUNpkjO0rOQ5byMi.Ye4oKoEa3Ro9llC/.og/at2.uheWG/igi', '2023-02-05 20:46:48', '2023-02-05 20:46:48'),
(140, 'Alyce Swaniawski', 'Abigail Smitham V', 'hilario.keebler@example.org', 'Lavina Witting', '$2y$10$92IXUNpkjO0rOQ5byMi.Ye4oKoEa3Ro9llC/.og/at2.uheWG/igi', '2023-02-05 20:46:48', '2023-02-05 20:46:48'),
(141, 'Alexie Barrows', 'Dr. Jamie Pouros II', 'nryan@example.net', 'Jaiden D\'Amore', '$2y$10$92IXUNpkjO0rOQ5byMi.Ye4oKoEa3Ro9llC/.og/at2.uheWG/igi', '2023-02-05 20:46:48', '2023-02-05 20:46:48'),
(142, 'Prof. Keyon Lebsack V', 'Allie Price', 'kathlyn99@example.com', 'Mr. Nico Farrell MD', '$2y$10$92IXUNpkjO0rOQ5byMi.Ye4oKoEa3Ro9llC/.og/at2.uheWG/igi', '2023-02-05 20:46:48', '2023-02-05 20:46:48'),
(143, 'Yazmin Okuneva', 'Cloyd Streich IV', 'zieme.carol@example.net', 'Keanu Murray', '$2y$10$92IXUNpkjO0rOQ5byMi.Ye4oKoEa3Ro9llC/.og/at2.uheWG/igi', '2023-02-05 20:46:48', '2023-02-05 20:46:48'),
(144, 'Janelle DuBuque', 'Mr. Dane Crooks', 'arden.feest@example.net', 'Loraine Bauch', '$2y$10$92IXUNpkjO0rOQ5byMi.Ye4oKoEa3Ro9llC/.og/at2.uheWG/igi', '2023-02-05 20:46:48', '2023-02-05 20:46:48'),
(145, 'Elena Stiedemann', 'Prof. Lorenz Rolfson I', 'kennith07@example.com', 'Joshua Hudson', '$2y$10$92IXUNpkjO0rOQ5byMi.Ye4oKoEa3Ro9llC/.og/at2.uheWG/igi', '2023-02-05 20:46:48', '2023-02-05 20:46:48'),
(146, 'Destany Upton', 'Dr. Vincenzo Leuschke', 'berry.legros@example.com', 'Heaven Gulgowski', '$2y$10$92IXUNpkjO0rOQ5byMi.Ye4oKoEa3Ro9llC/.og/at2.uheWG/igi', '2023-02-05 20:46:48', '2023-02-05 20:46:48'),
(147, 'Marc Buckridge', 'Norma Stokes', 'grady.bernardo@example.com', 'Dr. Katarina Batz', '$2y$10$92IXUNpkjO0rOQ5byMi.Ye4oKoEa3Ro9llC/.og/at2.uheWG/igi', '2023-02-05 20:46:48', '2023-02-05 20:46:48'),
(148, 'Alysha Erdman', 'Tia Zemlak', 'allen.leannon@example.org', 'Prof. Rigoberto Thompson PhD', '$2y$10$92IXUNpkjO0rOQ5byMi.Ye4oKoEa3Ro9llC/.og/at2.uheWG/igi', '2023-02-05 20:46:48', '2023-02-05 20:46:48'),
(149, 'Wilford Streich V', 'Caesar Gorczany', 'efarrell@example.net', 'Bradford Mills', '$2y$10$92IXUNpkjO0rOQ5byMi.Ye4oKoEa3Ro9llC/.og/at2.uheWG/igi', '2023-02-05 20:46:48', '2023-02-05 20:46:48'),
(150, 'Samantha Predovic', 'Jimmy Dietrich', 'turner.ruthie@example.com', 'Iliana Eichmann', '$2y$10$92IXUNpkjO0rOQ5byMi.Ye4oKoEa3Ro9llC/.og/at2.uheWG/igi', '2023-02-05 20:46:48', '2023-02-05 20:46:48'),
(151, 'Brock Kemmer', 'Dr. Chase Dickinson PhD', 'rene11@example.net', 'Mr. Fermin Purdy III', '$2y$10$92IXUNpkjO0rOQ5byMi.Ye4oKoEa3Ro9llC/.og/at2.uheWG/igi', '2023-02-05 20:46:48', '2023-02-05 20:46:48'),
(152, 'Karl Wiza', 'Pansy Schinner', 'jamal.bartoletti@example.net', 'Prof. Sunny Boyle', '$2y$10$92IXUNpkjO0rOQ5byMi.Ye4oKoEa3Ro9llC/.og/at2.uheWG/igi', '2023-02-05 20:46:48', '2023-02-05 20:46:48'),
(153, 'Mr. Wilfred Bins II', 'Stephon Kozey', 'richie07@example.com', 'Mellie Heller', '$2y$10$92IXUNpkjO0rOQ5byMi.Ye4oKoEa3Ro9llC/.og/at2.uheWG/igi', '2023-02-05 20:46:48', '2023-02-05 20:46:48'),
(154, 'Miss Anais Wiza Sr.', 'Howard Steuber', 'brittany35@example.net', 'Cornell Kessler', '$2y$10$92IXUNpkjO0rOQ5byMi.Ye4oKoEa3Ro9llC/.og/at2.uheWG/igi', '2023-02-05 20:46:48', '2023-02-05 20:46:48'),
(155, 'Prof. Kaylee Kuhn Sr.', 'Tremaine Kuphal', 'dino46@example.net', 'Leonel Prohaska III', '$2y$10$92IXUNpkjO0rOQ5byMi.Ye4oKoEa3Ro9llC/.og/at2.uheWG/igi', '2023-02-05 20:46:48', '2023-02-05 20:46:48'),
(156, 'Ms. Yolanda Turner', 'Diamond Ullrich', 'emcdermott@example.com', 'Mr. Jaycee McLaughlin', '$2y$10$92IXUNpkjO0rOQ5byMi.Ye4oKoEa3Ro9llC/.og/at2.uheWG/igi', '2023-02-05 20:46:48', '2023-02-05 20:46:48'),
(157, 'Emma Heaney', 'Breana Streich', 'gracie.schultz@example.net', 'Elliott Cremin', '$2y$10$92IXUNpkjO0rOQ5byMi.Ye4oKoEa3Ro9llC/.og/at2.uheWG/igi', '2023-02-05 20:46:48', '2023-02-05 20:46:48'),
(158, 'Marques Donnelly', 'Maya Sanford', 'tlarkin@example.net', 'Dr. Kennith Schaefer III', '$2y$10$92IXUNpkjO0rOQ5byMi.Ye4oKoEa3Ro9llC/.og/at2.uheWG/igi', '2023-02-05 20:46:48', '2023-02-05 20:46:48'),
(159, 'Christiana Padberg', 'Jacinthe Kerluke', 'haleigh.upton@example.com', 'Prof. Keon Greenholt MD', '$2y$10$92IXUNpkjO0rOQ5byMi.Ye4oKoEa3Ro9llC/.og/at2.uheWG/igi', '2023-02-05 20:46:48', '2023-02-05 20:46:48'),
(160, 'Emmitt Beahan', 'Mr. Ike Tremblay MD', 'candace.king@example.net', 'Kyle Bogisich Jr.', '$2y$10$92IXUNpkjO0rOQ5byMi.Ye4oKoEa3Ro9llC/.og/at2.uheWG/igi', '2023-02-05 20:46:48', '2023-02-05 20:46:48'),
(161, 'Consuelo Hilpert', 'David Franecki', 'ryost@example.net', 'Leanne Reichert II', '$2y$10$92IXUNpkjO0rOQ5byMi.Ye4oKoEa3Ro9llC/.og/at2.uheWG/igi', '2023-02-05 20:46:48', '2023-02-05 20:46:48'),
(162, 'Prof. Elinor Lakin MD', 'Dr. Damian Rempel II', 'rsimonis@example.com', 'Mrs. Chelsie Leuschke DVM', '$2y$10$92IXUNpkjO0rOQ5byMi.Ye4oKoEa3Ro9llC/.og/at2.uheWG/igi', '2023-02-05 20:46:48', '2023-02-05 20:46:48'),
(163, 'Mr. Lincoln Littel Jr.', 'Bryana Hyatt', 'ferry.abelardo@example.org', 'Makenna Altenwerth', '$2y$10$92IXUNpkjO0rOQ5byMi.Ye4oKoEa3Ro9llC/.og/at2.uheWG/igi', '2023-02-05 20:46:48', '2023-02-05 20:46:48'),
(164, 'Emmitt Muller', 'Tevin Simonis', 'hayden30@example.org', 'Nya Cruickshank', '$2y$10$92IXUNpkjO0rOQ5byMi.Ye4oKoEa3Ro9llC/.og/at2.uheWG/igi', '2023-02-05 20:46:48', '2023-02-05 20:46:48'),
(165, 'Mr. Ronny Greenfelder', 'Ayden Hilpert', 'payton61@example.com', 'Luis Stoltenberg', '$2y$10$92IXUNpkjO0rOQ5byMi.Ye4oKoEa3Ro9llC/.og/at2.uheWG/igi', '2023-02-05 20:46:48', '2023-02-05 20:46:48'),
(166, 'Wade VonRueden', 'Emelie Keeling', 'tmarquardt@example.com', 'Dr. Omari Abshire', '$2y$10$92IXUNpkjO0rOQ5byMi.Ye4oKoEa3Ro9llC/.og/at2.uheWG/igi', '2023-02-05 20:46:48', '2023-02-05 20:46:48'),
(167, 'Shawna Friesen Sr.', 'Dillon Fahey', 'vida06@example.net', 'Janis Mohr', '$2y$10$92IXUNpkjO0rOQ5byMi.Ye4oKoEa3Ro9llC/.og/at2.uheWG/igi', '2023-02-05 20:46:48', '2023-02-05 20:46:48'),
(168, 'Stuart Wolff', 'Mekhi Mayer', 'cruickshank.mollie@example.net', 'Mr. Gillian Kuhlman', '$2y$10$92IXUNpkjO0rOQ5byMi.Ye4oKoEa3Ro9llC/.og/at2.uheWG/igi', '2023-02-05 20:46:48', '2023-02-05 20:46:48'),
(169, 'Macy Bailey', 'Dr. Lucie Kuhic', 'cassandre.trantow@example.org', 'Miss Nayeli Hagenes', '$2y$10$92IXUNpkjO0rOQ5byMi.Ye4oKoEa3Ro9llC/.og/at2.uheWG/igi', '2023-02-05 20:46:48', '2023-02-05 20:46:48'),
(170, 'Cleo Ernser', 'Berry Brown', 'schuster.elouise@example.com', 'Dr. Berenice Renner IV', '$2y$10$92IXUNpkjO0rOQ5byMi.Ye4oKoEa3Ro9llC/.og/at2.uheWG/igi', '2023-02-05 20:46:48', '2023-02-05 20:46:48'),
(171, 'Robin Treutel', 'Myra Considine', 'stark.bernita@example.net', 'Bernita Kunde DVM', '$2y$10$92IXUNpkjO0rOQ5byMi.Ye4oKoEa3Ro9llC/.og/at2.uheWG/igi', '2023-02-05 20:46:48', '2023-02-05 20:46:48'),
(172, 'Prof. Wyman Brakus', 'Lina Ebert V', 'imani.wiza@example.org', 'Antonio Hegmann', '$2y$10$92IXUNpkjO0rOQ5byMi.Ye4oKoEa3Ro9llC/.og/at2.uheWG/igi', '2023-02-05 20:46:48', '2023-02-05 20:46:48'),
(173, 'Charity Block', 'Ms. Sophie McDermott', 'nicolette.stehr@example.com', 'Mr. Alan Miller', '$2y$10$92IXUNpkjO0rOQ5byMi.Ye4oKoEa3Ro9llC/.og/at2.uheWG/igi', '2023-02-05 20:46:48', '2023-02-05 20:46:48'),
(174, 'Rubye Dibbert I', 'Destiney Watsica III', 'dean.kling@example.com', 'Eulalia Gerhold', '$2y$10$92IXUNpkjO0rOQ5byMi.Ye4oKoEa3Ro9llC/.og/at2.uheWG/igi', '2023-02-05 20:46:48', '2023-02-05 20:46:48'),
(175, 'Mr. Oswaldo Glover DDS', 'Jalen Welch Sr.', 'gus23@example.net', 'Miss Hanna Hyatt V', '$2y$10$92IXUNpkjO0rOQ5byMi.Ye4oKoEa3Ro9llC/.og/at2.uheWG/igi', '2023-02-05 20:46:48', '2023-02-05 20:46:48'),
(176, 'Madisen Wilderman', 'Prof. Reymundo Weber DVM', 'huel.lera@example.org', 'Dr. Myrna McKenzie', '$2y$10$92IXUNpkjO0rOQ5byMi.Ye4oKoEa3Ro9llC/.og/at2.uheWG/igi', '2023-02-05 20:46:48', '2023-02-05 20:46:48'),
(177, 'Dr. Foster Miller', 'Frank Kunze', 'ihuel@example.com', 'Dr. Xzavier Dibbert', '$2y$10$92IXUNpkjO0rOQ5byMi.Ye4oKoEa3Ro9llC/.og/at2.uheWG/igi', '2023-02-05 20:46:48', '2023-02-05 20:46:48'),
(178, 'Joanne Price IV', 'Jermey Balistreri Jr.', 'iyundt@example.com', 'Lucious Marvin', '$2y$10$92IXUNpkjO0rOQ5byMi.Ye4oKoEa3Ro9llC/.og/at2.uheWG/igi', '2023-02-05 20:46:48', '2023-02-05 20:46:48'),
(179, 'Emanuel Kerluke', 'Lafayette Kihn', 'delores.hamill@example.com', 'Sadie Kessler', '$2y$10$92IXUNpkjO0rOQ5byMi.Ye4oKoEa3Ro9llC/.og/at2.uheWG/igi', '2023-02-05 20:46:48', '2023-02-05 20:46:48'),
(180, 'Brigitte Sporer', 'Nannie Mayert', 'deontae21@example.com', 'Dr. Dayton Crona', '$2y$10$92IXUNpkjO0rOQ5byMi.Ye4oKoEa3Ro9llC/.og/at2.uheWG/igi', '2023-02-05 20:46:48', '2023-02-05 20:46:48'),
(181, 'Davin Smith', 'Alfred Raynor', 'kirlin.harvey@example.net', 'Drake Brown V', '$2y$10$92IXUNpkjO0rOQ5byMi.Ye4oKoEa3Ro9llC/.og/at2.uheWG/igi', '2023-02-05 20:46:48', '2023-02-05 20:46:48'),
(182, 'Mr. Murphy Adams', 'Oren Legros', 'jenkins.ruby@example.org', 'Karelle Boyer DDS', '$2y$10$92IXUNpkjO0rOQ5byMi.Ye4oKoEa3Ro9llC/.og/at2.uheWG/igi', '2023-02-05 20:46:48', '2023-02-05 20:46:48'),
(183, 'Betty Sawayn', 'Maybelle Hamill', 'loyal71@example.com', 'Kiley Ondricka Jr.', '$2y$10$92IXUNpkjO0rOQ5byMi.Ye4oKoEa3Ro9llC/.og/at2.uheWG/igi', '2023-02-05 20:46:48', '2023-02-05 20:46:48'),
(184, 'Dallin Upton Jr.', 'Jerry O\'Connell', 'jessika67@example.org', 'Tod Romaguera V', '$2y$10$92IXUNpkjO0rOQ5byMi.Ye4oKoEa3Ro9llC/.og/at2.uheWG/igi', '2023-02-05 20:46:48', '2023-02-05 20:46:48'),
(185, 'Tiana Bailey', 'Sally Aufderhar', 'ila89@example.org', 'Miss Eloisa Morar III', '$2y$10$92IXUNpkjO0rOQ5byMi.Ye4oKoEa3Ro9llC/.og/at2.uheWG/igi', '2023-02-05 20:46:48', '2023-02-05 20:46:48'),
(186, 'Prof. Allene Lesch DDS', 'Amiya Krajcik', 'champlin.kaylie@example.com', 'Jasmin Hermann Jr.', '$2y$10$92IXUNpkjO0rOQ5byMi.Ye4oKoEa3Ro9llC/.og/at2.uheWG/igi', '2023-02-05 20:46:48', '2023-02-05 20:46:48'),
(187, 'Mr. Emil Miller', 'Dr. Randall Krajcik PhD', 'bkertzmann@example.org', 'Prof. Elton Stanton', '$2y$10$92IXUNpkjO0rOQ5byMi.Ye4oKoEa3Ro9llC/.og/at2.uheWG/igi', '2023-02-05 20:46:48', '2023-02-05 20:46:48'),
(188, 'Mavis Klocko', 'Chance Kilback', 'thompson.gerry@example.com', 'Mrs. Helene Beer', '$2y$10$92IXUNpkjO0rOQ5byMi.Ye4oKoEa3Ro9llC/.og/at2.uheWG/igi', '2023-02-05 20:46:48', '2023-02-05 20:46:48'),
(189, 'Dr. Roma Walter V', 'Christophe Bergstrom', 'eyost@example.org', 'Faye Wuckert', '$2y$10$92IXUNpkjO0rOQ5byMi.Ye4oKoEa3Ro9llC/.og/at2.uheWG/igi', '2023-02-05 20:46:48', '2023-02-05 20:46:48'),
(190, 'Daniela Stroman', 'Jazlyn Mraz', 'ethiel@example.net', 'Ms. Annalise Larkin', '$2y$10$92IXUNpkjO0rOQ5byMi.Ye4oKoEa3Ro9llC/.og/at2.uheWG/igi', '2023-02-05 20:46:48', '2023-02-05 20:46:48'),
(191, 'Lexus Skiles', 'Alexane Schimmel', 'trempel@example.org', 'Aglae Beier I', '$2y$10$92IXUNpkjO0rOQ5byMi.Ye4oKoEa3Ro9llC/.og/at2.uheWG/igi', '2023-02-05 20:46:48', '2023-02-05 20:46:48'),
(192, 'Erna Kling', 'Kenton Schmitt', 'watson28@example.net', 'Mr. Scottie Kutch DDS', '$2y$10$92IXUNpkjO0rOQ5byMi.Ye4oKoEa3Ro9llC/.og/at2.uheWG/igi', '2023-02-05 20:46:48', '2023-02-05 20:46:48'),
(193, 'Ms. Flossie Kertzmann V', 'Clarissa Abernathy', 'wehner.lupe@example.com', 'Prof. Maureen Harvey', '$2y$10$92IXUNpkjO0rOQ5byMi.Ye4oKoEa3Ro9llC/.og/at2.uheWG/igi', '2023-02-05 20:46:48', '2023-02-05 20:46:48'),
(194, 'Dr. Monique Schamberger', 'Emilio Welch I', 'xnienow@example.com', 'Dr. Savanna Lynch Jr.', '$2y$10$92IXUNpkjO0rOQ5byMi.Ye4oKoEa3Ro9llC/.og/at2.uheWG/igi', '2023-02-05 20:46:48', '2023-02-05 20:46:48'),
(195, 'Magnus Schultz DDS', 'Missouri Johnston', 'jorge.langosh@example.org', 'Melvin Leuschke', '$2y$10$92IXUNpkjO0rOQ5byMi.Ye4oKoEa3Ro9llC/.og/at2.uheWG/igi', '2023-02-05 20:46:48', '2023-02-05 20:46:48'),
(196, 'Jammie Spinka', 'Prof. Miles Greenholt', 'kyleigh67@example.com', 'Maximillia Klocko', '$2y$10$92IXUNpkjO0rOQ5byMi.Ye4oKoEa3Ro9llC/.og/at2.uheWG/igi', '2023-02-05 20:46:48', '2023-02-05 20:46:48'),
(197, 'Mr. Micheal Boehm PhD', 'Kenyon Nitzsche', 'johnny.gleichner@example.com', 'Mr. Jaydon Mohr', '$2y$10$92IXUNpkjO0rOQ5byMi.Ye4oKoEa3Ro9llC/.og/at2.uheWG/igi', '2023-02-05 20:46:48', '2023-02-05 20:46:48'),
(198, 'Prof. Junior Wolff', 'Aida Koepp', 'petra.robel@example.com', 'Lavina Crooks', '$2y$10$92IXUNpkjO0rOQ5byMi.Ye4oKoEa3Ro9llC/.og/at2.uheWG/igi', '2023-02-05 20:46:48', '2023-02-05 20:46:48'),
(199, 'Louvenia Weber', 'Carey Schroeder', 'zbeier@example.org', 'Prof. Zachery Walsh', '$2y$10$92IXUNpkjO0rOQ5byMi.Ye4oKoEa3Ro9llC/.og/at2.uheWG/igi', '2023-02-05 20:46:48', '2023-02-05 20:46:48'),
(200, 'Eugene King', 'Janae Nienow', 'wschroeder@example.org', 'Abbigail Stamm II', '$2y$10$92IXUNpkjO0rOQ5byMi.Ye4oKoEa3Ro9llC/.og/at2.uheWG/igi', '2023-02-05 20:46:48', '2023-02-05 20:46:48');

-- --------------------------------------------------------

--
-- Structure de la table `contrats`
--

DROP TABLE IF EXISTS `contrats`;
CREATE TABLE IF NOT EXISTS `contrats` (
  `id` bigint UNSIGNED NOT NULL AUTO_INCREMENT,
  `nom_contrat` varchar(191) COLLATE utf8mb4_unicode_ci NOT NULL,
  `dateDebut` date NOT NULL,
  `dateFin` date NOT NULL,
  `created_at` timestamp NULL DEFAULT NULL,
  `updated_at` timestamp NULL DEFAULT NULL,
  `client_id` bigint UNSIGNED NOT NULL,
  PRIMARY KEY (`id`),
  KEY `contrats_client_id_foreign` (`client_id`)
) ENGINE=MyISAM AUTO_INCREMENT=119 DEFAULT CHARSET=utf8mb4 COLLATE=utf8mb4_unicode_ci;

--
-- Déchargement des données de la table `contrats`
--

INSERT INTO `contrats` (`id`, `nom_contrat`, `dateDebut`, `dateFin`, `created_at`, `updated_at`, `client_id`) VALUES
(2, 'Ms. Amber Luettgen Jr.', '2018-01-10', '1993-12-09', '2023-02-05 20:46:48', '2023-02-05 20:46:48', 84),
(3, 'Prof. Estevan Kihn MD', '2021-11-20', '1992-12-27', '2023-02-05 20:46:48', '2023-02-05 20:46:48', 23),
(4, 'Adolph Yundt', '1999-05-28', '2012-01-25', '2023-02-05 20:46:48', '2023-02-05 20:46:48', 87),
(5, 'Amos Fadel', '1989-10-03', '1971-10-01', '2023-02-05 20:46:48', '2023-02-05 20:46:48', 61),
(6, 'Prof. Alan Schultz', '2005-08-25', '1997-11-14', '2023-02-05 20:46:48', '2023-02-05 20:46:48', 63),
(7, 'Ila Hodkiewicz PhD', '1977-05-28', '2010-01-16', '2023-02-05 20:46:48', '2023-02-05 20:46:48', 67),
(8, 'Garrison Swift', '1987-01-09', '1971-03-05', '2023-02-05 20:46:48', '2023-02-05 20:46:48', 88),
(9, 'Dewayne Cormier', '1970-02-02', '1981-08-29', '2023-02-05 20:46:48', '2023-02-05 20:46:48', 99),
(10, 'Prof. Andres Kuhn I', '1975-08-22', '1994-11-25', '2023-02-05 20:46:48', '2023-02-05 20:46:48', 45),
(11, 'Layla Stark', '2016-08-31', '2013-07-03', '2023-02-05 20:46:48', '2023-02-05 20:46:48', 75),
(12, 'Lloyd Gleichner III', '2020-11-25', '1984-04-24', '2023-02-05 20:46:48', '2023-02-05 20:46:48', 72),
(13, 'Talia West', '1982-04-14', '1976-12-26', '2023-02-05 20:46:48', '2023-02-05 20:46:48', 78),
(14, 'Dr. Victoria Grimes', '1980-03-30', '1979-06-23', '2023-02-05 20:46:48', '2023-02-05 20:46:48', 35),
(15, 'Miss Else Hill PhD', '1997-01-23', '2022-10-20', '2023-02-05 20:46:48', '2023-02-05 20:46:48', 79),
(16, 'Lorna McDermott', '1999-02-26', '2010-12-05', '2023-02-05 20:46:48', '2023-02-05 20:46:48', 30),
(17, 'Brandi Ferry DDS', '1979-12-29', '2004-01-07', '2023-02-05 20:46:48', '2023-02-05 20:46:48', 73),
(18, 'Bartholome Keebler', '1997-03-16', '1970-04-19', '2023-02-05 20:46:48', '2023-02-05 20:46:48', 47),
(19, 'Prof. Van Brown PhD', '1985-11-08', '2016-05-04', '2023-02-05 20:46:48', '2023-02-05 20:46:48', 56),
(20, 'Cameron Rosenbaum DDS', '1981-04-12', '1972-02-15', '2023-02-05 20:46:48', '2023-02-05 20:46:48', 11),
(21, 'Odie Aufderhar', '2019-08-18', '1983-07-05', '2023-02-05 20:46:48', '2023-02-05 20:46:48', 27),
(22, 'Creola Legros', '1984-04-24', '1984-01-22', '2023-02-05 20:46:48', '2023-02-05 20:46:48', 17),
(23, 'Cornelius Hane', '2021-01-10', '2016-08-19', '2023-02-05 20:46:48', '2023-02-05 20:46:48', 9),
(24, 'Lulu Cummerata', '2015-11-24', '1979-02-07', '2023-02-05 20:46:48', '2023-02-05 20:46:48', 97),
(25, 'Miss Tiffany Mills Jr.', '2013-09-03', '1990-08-03', '2023-02-05 20:46:48', '2023-02-05 20:46:48', 65),
(26, 'Kirstin Hagenes', '2007-06-04', '2019-01-21', '2023-02-05 20:46:48', '2023-02-05 20:46:48', 46),
(27, 'Ramiro Kuhn', '1984-12-06', '2019-01-20', '2023-02-05 20:46:48', '2023-02-05 20:46:48', 29),
(28, 'Mrs. Ofelia Langworth', '2007-09-17', '1997-04-03', '2023-02-05 20:46:48', '2023-02-05 20:46:48', 89),
(29, 'Prof. Aryanna Langworth V', '2011-08-17', '2007-03-11', '2023-02-05 20:46:48', '2023-02-05 20:46:48', 41),
(30, 'Waldo Kiehn V', '1979-05-18', '2018-12-11', '2023-02-05 20:46:48', '2023-02-05 20:46:48', 57),
(31, 'Prof. Hazle Beer II', '1993-05-17', '1984-06-20', '2023-02-05 20:46:48', '2023-02-05 20:46:48', 53),
(32, 'Dr. Marguerite Roob', '2000-10-21', '2010-04-22', '2023-02-05 20:46:48', '2023-02-05 20:46:48', 54),
(33, 'Makenzie Torphy', '2001-04-12', '1993-08-19', '2023-02-05 20:46:48', '2023-02-05 20:46:48', 82),
(34, 'Catharine Stiedemann', '1984-12-19', '1970-09-04', '2023-02-05 20:46:48', '2023-02-05 20:46:48', 91),
(35, 'Dr. Tod Spencer', '1971-02-11', '1986-07-09', '2023-02-05 20:46:48', '2023-02-05 20:46:48', 4),
(36, 'Nya Hamill', '2017-01-20', '2018-06-27', '2023-02-05 20:46:48', '2023-02-05 20:46:48', 50),
(37, 'Violette Gusikowski', '1970-06-02', '1996-04-04', '2023-02-05 20:46:48', '2023-02-05 20:46:48', 74),
(38, 'Delfina Stokes', '1975-01-22', '1980-08-05', '2023-02-05 20:46:48', '2023-02-05 20:46:48', 31),
(39, 'Dr. Domenic Feeney IV', '1970-10-10', '1982-11-28', '2023-02-05 20:46:48', '2023-02-05 20:46:48', 39),
(40, 'Julian Grant', '2002-04-13', '1971-01-18', '2023-02-05 20:46:48', '2023-02-05 20:46:48', 69),
(41, 'Parker Brakus', '1974-12-07', '1995-09-18', '2023-02-05 20:46:48', '2023-02-05 20:46:48', 21),
(42, 'Corbin Grant MD', '2016-02-23', '1992-05-05', '2023-02-05 20:46:48', '2023-02-05 20:46:48', 86),
(43, 'Mose O\'Hara', '1980-07-11', '2001-03-01', '2023-02-05 20:46:48', '2023-02-05 20:46:48', 93),
(44, 'Matilde Jacobi DDS', '1971-05-24', '1997-07-10', '2023-02-05 20:46:48', '2023-02-05 20:46:48', 71),
(45, 'Elza Leuschke', '1974-07-04', '1984-11-11', '2023-02-05 20:46:48', '2023-02-05 20:46:48', 13),
(46, 'Prof. Frederik Hoppe', '1978-11-14', '2002-06-28', '2023-02-05 20:46:48', '2023-02-05 20:46:48', 24),
(47, 'Arlie Quigley', '2006-01-31', '2022-01-29', '2023-02-05 20:46:48', '2023-02-05 20:46:48', 90),
(48, 'Melba Davis V', '2020-10-04', '2013-09-11', '2023-02-05 20:46:48', '2023-02-05 20:46:48', 33),
(49, 'Kali Abshire', '1995-06-19', '2021-05-29', '2023-02-05 20:46:48', '2023-02-05 20:46:48', 34),
(50, 'Karlee Sauer MD', '1987-03-01', '1985-11-13', '2023-02-05 20:46:48', '2023-02-05 20:46:48', 32),
(51, 'Bill Hamill', '2020-01-11', '1982-04-19', '2023-02-05 20:46:48', '2023-02-05 20:46:48', 22),
(52, 'Jeanne Cremin', '2020-03-18', '2010-07-28', '2023-02-05 20:46:48', '2023-02-05 20:46:48', 58),
(53, 'Dr. Mohammad Balistreri', '2001-01-09', '1999-03-23', '2023-02-05 20:46:48', '2023-02-05 20:46:48', 38),
(54, 'Prof. Brandt Hammes DDS', '1982-06-03', '1977-08-10', '2023-02-05 20:46:48', '2023-02-05 20:46:48', 62),
(55, 'Jocelyn Ryan', '1998-06-13', '1988-02-13', '2023-02-05 20:46:48', '2023-02-05 20:46:48', 98),
(56, 'Miss Lelah Kuhlman Jr.', '2003-11-16', '1985-08-19', '2023-02-05 20:46:48', '2023-02-05 20:46:48', 52),
(57, 'Adaline Schinner', '1997-08-06', '2003-09-08', '2023-02-05 20:46:48', '2023-02-05 20:46:48', 94),
(58, 'Berniece Kautzer', '1985-05-01', '1995-01-19', '2023-02-05 20:46:48', '2023-02-05 20:46:48', 92),
(59, 'Mr. Joaquin Moore', '1992-08-11', '1990-11-17', '2023-02-05 20:46:48', '2023-02-05 20:46:48', 96),
(60, 'Ms. Ima O\'Conner I', '1970-12-19', '2012-06-01', '2023-02-05 20:46:48', '2023-02-05 20:46:48', 16),
(61, 'Reva Balistreri', '2010-02-15', '2017-06-13', '2023-02-05 20:46:48', '2023-02-05 20:46:48', 100),
(62, 'Annetta Frami', '2014-12-11', '1979-11-08', '2023-02-05 20:46:48', '2023-02-05 20:46:48', 81),
(63, 'Eryn Boyer', '1972-12-19', '1977-03-03', '2023-02-05 20:46:48', '2023-02-05 20:46:48', 5),
(64, 'Rene Berge', '2001-04-23', '1970-04-26', '2023-02-05 20:46:48', '2023-02-05 20:46:48', 40),
(65, 'Vivian Corwin', '2000-08-15', '1998-02-16', '2023-02-05 20:46:48', '2023-02-05 20:46:48', 42),
(66, 'Shannon Oberbrunner', '2016-03-30', '1976-11-11', '2023-02-05 20:46:48', '2023-02-05 20:46:48', 43),
(67, 'Jodie Olson V', '2020-03-05', '1996-08-20', '2023-02-05 20:46:48', '2023-02-05 20:46:48', 76),
(68, 'General Cronin', '1979-04-01', '2021-10-24', '2023-02-05 20:46:48', '2023-02-05 20:46:48', 48),
(69, 'Jarrett Schowalter Jr.', '2016-01-08', '1974-06-30', '2023-02-05 20:46:48', '2023-02-05 20:46:48', 49),
(70, 'Jedidiah Cummings', '2009-07-24', '1980-06-14', '2023-02-05 20:46:48', '2023-02-05 20:46:48', 44),
(71, 'Treva Towne I', '1991-07-07', '1987-04-07', '2023-02-05 20:46:48', '2023-02-05 20:46:48', 1),
(72, 'Stephany Jacobs', '1976-03-15', '2017-09-04', '2023-02-05 20:46:48', '2023-02-05 20:46:48', 55),
(73, 'Robin Dickinson', '1987-02-02', '2005-07-30', '2023-02-05 20:46:48', '2023-02-05 20:46:48', 7),
(74, 'Kristoffer Parisian', '2004-11-29', '2009-06-29', '2023-02-05 20:46:48', '2023-02-05 20:46:48', 77),
(75, 'Mireya Schmidt', '1997-06-21', '1978-05-23', '2023-02-05 20:46:48', '2023-02-05 20:46:48', 14),
(76, 'Newell Bosco', '1983-09-13', '1980-01-03', '2023-02-05 20:46:48', '2023-02-05 20:46:48', 15),
(77, 'Billie McGlynn', '1989-08-11', '1998-09-08', '2023-02-05 20:46:48', '2023-02-05 20:46:48', 26),
(78, 'Ava Thompson DDS', '1992-11-29', '2014-11-09', '2023-02-05 20:46:48', '2023-02-05 20:46:48', 20),
(79, 'Ms. Polly Smitham', '2005-05-28', '2004-10-30', '2023-02-05 20:46:48', '2023-02-05 20:46:48', 6),
(80, 'Verda Champlin', '2001-12-08', '2009-09-24', '2023-02-05 20:46:48', '2023-02-05 20:46:48', 28),
(81, 'Dr. Judd Armstrong', '2016-01-28', '1999-01-24', '2023-02-05 20:46:48', '2023-02-05 20:46:48', 51),
(82, 'Prof. Gilbert Schaefer II', '2003-01-18', '1980-09-30', '2023-02-05 20:46:48', '2023-02-05 20:46:48', 12),
(83, 'Ms. Otilia Hintz V', '1999-02-04', '2000-06-10', '2023-02-05 20:46:48', '2023-02-05 20:46:48', 59),
(84, 'Johnathan Rowe', '1999-02-12', '2020-05-29', '2023-02-05 20:46:48', '2023-02-05 20:46:48', 85),
(85, 'Michaela Kassulke', '1977-08-19', '1973-04-07', '2023-02-05 20:46:48', '2023-02-05 20:46:48', 19),
(86, 'Jackeline Johnston', '2006-07-31', '2013-04-04', '2023-02-05 20:46:48', '2023-02-05 20:46:48', 18),
(87, 'Irving Bashirian', '1995-10-15', '2003-05-26', '2023-02-05 20:46:48', '2023-02-05 20:46:48', 36),
(88, 'Maxime Howe', '1989-03-23', '1976-04-29', '2023-02-05 20:46:48', '2023-02-05 20:46:48', 37),
(89, 'Gerson Konopelski DDS', '1984-03-26', '2019-01-27', '2023-02-05 20:46:48', '2023-02-05 20:46:48', 66),
(90, 'Annette Huel', '1991-09-17', '1989-12-27', '2023-02-05 20:46:48', '2023-02-05 20:46:48', 3),
(91, 'Miss Tina Carroll', '1988-12-14', '2016-07-06', '2023-02-05 20:46:48', '2023-02-05 20:46:48', 64),
(92, 'Alf Wiza', '1970-12-23', '1998-07-29', '2023-02-05 20:46:48', '2023-02-05 20:46:48', 8),
(93, 'Eddie Hauck II', '2003-12-20', '1991-07-24', '2023-02-05 20:46:48', '2023-02-05 20:46:48', 2),
(94, 'Natalie Smitham', '1992-04-18', '1995-03-20', '2023-02-05 20:46:48', '2023-02-05 20:46:48', 70),
(95, 'Jonathon Cummerata DVM', '1996-03-05', '2003-08-06', '2023-02-05 20:46:48', '2023-02-05 20:46:48', 68),
(96, 'Jaden Corwin PhD', '1984-07-19', '1993-05-18', '2023-02-05 20:46:48', '2023-02-05 20:46:48', 25),
(97, 'Harry Mayer I', '1972-01-27', '1993-05-18', '2023-02-05 20:46:48', '2023-02-05 20:46:48', 80),
(98, 'Dahlia Nitzsche', '2015-03-26', '1975-12-08', '2023-02-05 20:46:48', '2023-02-05 20:46:48', 10),
(99, 'Agustina Kerluke', '1981-07-13', '1986-02-20', '2023-02-05 20:46:48', '2023-02-05 20:46:48', 95),
(100, 'Jasper Pouros', '1992-01-19', '2012-06-23', '2023-02-05 20:46:48', '2023-02-05 20:46:48', 83),
(102, 'zoumana', '2023-02-09', '2023-02-24', NULL, NULL, 0),
(118, 'zzzzzzzzzzzzzzzzzzzzzzzz', '2023-02-11', '2023-02-05', '2023-02-05 23:21:46', '2023-02-05 23:21:46', 10),
(117, 'zzzzzzzzzzzzzzzzzzzzzzzz', '2023-02-05', '2023-03-12', '2023-02-05 23:12:15', '2023-02-05 23:12:15', 10);

-- --------------------------------------------------------

--
-- Structure de la table `panneaus`
--

DROP TABLE IF EXISTS `panneaus`;
CREATE TABLE IF NOT EXISTS `panneaus` (
  `id` bigint UNSIGNED NOT NULL AUTO_INCREMENT,
  `nom_panneau` varchar(191) COLLATE utf8mb4_unicode_ci DEFAULT NULL,
  `longitude` varchar(191) COLLATE utf8mb4_unicode_ci NOT NULL,
  `latidude` varchar(191) COLLATE utf8mb4_unicode_ci NOT NULL,
  `created_at` timestamp NULL DEFAULT NULL,
  `updated_at` timestamp NULL DEFAULT NULL,
  `contrat_id` bigint UNSIGNED NOT NULL,
  PRIMARY KEY (`id`),
  KEY `panneaus_contrat_id_foreign` (`contrat_id`)
) ENGINE=MyISAM AUTO_INCREMENT=201 DEFAULT CHARSET=utf8mb4 COLLATE=utf8mb4_unicode_ci;

--
-- Déchargement des données de la table `panneaus`
--

INSERT INTO `panneaus` (`id`, `nom_panneau`, `longitude`, `latidude`, `created_at`, `updated_at`, `contrat_id`) VALUES
(1, 'Sidney Oberbrunner', '+13105129224', '952-725-6130', '2023-02-05 20:46:49', '2023-02-05 20:46:49', 1),
(2, 'Adell Hintz', '+1-908-698-5765', '703.679.8525', '2023-02-05 20:46:49', '2023-02-05 20:46:49', 78),
(3, 'Dr. Cedrick Pollich Sr.', '+1-754-557-0658', '267.984.5766', '2023-02-05 20:46:49', '2023-02-05 20:46:49', 78),
(4, 'Miss Audra Kessler PhD', '(984) 938-1952', '+1-248-759-0120', '2023-02-05 20:46:49', '2023-02-05 20:46:49', 71),
(5, 'Dr. Allen Swift II', '641.491.9013', '640.830.3890', '2023-02-05 20:46:49', '2023-02-05 20:46:49', 35),
(6, 'Miller Brakus', '380-204-7601', '+1 (608) 958-3134', '2023-02-05 20:46:49', '2023-02-05 20:46:49', 10),
(7, 'Domenick Leffler', '+1.518.679.8665', '+1-214-665-0579', '2023-02-05 20:46:49', '2023-02-05 20:46:49', 40),
(8, 'Flo Dickinson IV', '+1-708-201-6857', '484.953.7760', '2023-02-05 20:46:49', '2023-02-05 20:46:49', 99),
(9, 'Ms. Sylvia Crist Sr.', '830.635.7521', '(762) 680-1640', '2023-02-05 20:46:49', '2023-02-05 20:46:49', 39),
(10, 'Miss Verona Quigley', '+1.272.591.9170', '516.358.3152', '2023-02-05 20:46:49', '2023-02-05 20:46:49', 19),
(11, 'Jefferey Hackett DDS', '828-850-4133', '+1 (425) 779-6514', '2023-02-05 20:46:49', '2023-02-05 20:46:49', 97),
(12, 'Turner Kihn Jr.', '+1-540-374-5766', '+1 (424) 868-5043', '2023-02-05 20:46:49', '2023-02-05 20:46:49', 64),
(13, 'Prof. Brice Schmeler I', '+1.407.709.6186', '307.926.5035', '2023-02-05 20:46:49', '2023-02-05 20:46:49', 93),
(14, 'Prof. Max Keeling', '+17035480855', '+1.283.404.3791', '2023-02-05 20:46:49', '2023-02-05 20:46:49', 89),
(15, 'Lionel Goyette', '+17376094376', '1-248-876-3719', '2023-02-05 20:46:49', '2023-02-05 20:46:49', 30),
(16, 'Sophie Glover', '+1 (248) 700-3385', '513.524.9219', '2023-02-05 20:46:49', '2023-02-05 20:46:49', 90),
(17, 'Prof. Keira Prosacco', '1-828-231-2370', '+1 (726) 843-9017', '2023-02-05 20:46:49', '2023-02-05 20:46:49', 44),
(18, 'Loy Hamill Sr.', '1-781-954-5113', '1-989-514-6242', '2023-02-05 20:46:49', '2023-02-05 20:46:49', 55),
(19, 'Prof. Torey Corwin', '+1-978-347-0101', '+1.305.570.6378', '2023-02-05 20:46:49', '2023-02-05 20:46:49', 9),
(20, 'Ole Bosco', '+18033866267', '(805) 958-3689', '2023-02-05 20:46:49', '2023-02-05 20:46:49', 1),
(21, 'Destiney Schimmel', '+1.641.499.4947', '(323) 573-9080', '2023-02-05 20:46:49', '2023-02-05 20:46:49', 98),
(22, 'Prof. Heidi Gorczany DDS', '(845) 254-4509', '520-808-4729', '2023-02-05 20:46:49', '2023-02-05 20:46:49', 60),
(23, 'Jimmy Goyette', '+1 (520) 312-3898', '620.506.9213', '2023-02-05 20:46:49', '2023-02-05 20:46:49', 28),
(24, 'Mr. Emerald Morissette PhD', '(484) 493-5049', '+1 (980) 351-7984', '2023-02-05 20:46:49', '2023-02-05 20:46:49', 86),
(25, 'Estella Connelly', '618-561-4432', '(629) 530-7304', '2023-02-05 20:46:49', '2023-02-05 20:46:49', 15),
(26, 'Dr. Joannie Nitzsche', '786.766.7844', '+14695754712', '2023-02-05 20:46:49', '2023-02-05 20:46:49', 55),
(27, 'Bella West', '830.793.2857', '254-394-6515', '2023-02-05 20:46:49', '2023-02-05 20:46:49', 74),
(28, 'Elisa Monahan', '1-248-661-5372', '+1.657.639.0507', '2023-02-05 20:46:49', '2023-02-05 20:46:49', 15),
(29, 'Prof. Newton Wiza', '+1-323-527-3871', '+1 (417) 212-0988', '2023-02-05 20:46:49', '2023-02-05 20:46:49', 95),
(30, 'Cleve Yundt', '(727) 469-5200', '(331) 433-3701', '2023-02-05 20:46:49', '2023-02-05 20:46:49', 85),
(31, 'June Altenwerth', '+1 (781) 731-7780', '+19567708233', '2023-02-05 20:46:49', '2023-02-05 20:46:49', 50),
(32, 'Prof. Amalia Crooks', '567-959-9746', '+19089794485', '2023-02-05 20:46:49', '2023-02-05 20:46:49', 48),
(33, 'Prof. Westley Rolfson Jr.', '+1 (657) 761-6077', '283.642.3796', '2023-02-05 20:46:49', '2023-02-05 20:46:49', 6),
(34, 'Davion Franecki DDS', '+1.432.242.5305', '947.807.3140', '2023-02-05 20:46:49', '2023-02-05 20:46:49', 9),
(35, 'Leta Mertz', '1-385-477-1011', '+19867054802', '2023-02-05 20:46:49', '2023-02-05 20:46:49', 49),
(36, 'Patricia King', '+1.949.451.3752', '1-269-610-7910', '2023-02-05 20:46:49', '2023-02-05 20:46:49', 44),
(37, 'Oliver Hegmann', '+1-718-751-7194', '1-458-742-2805', '2023-02-05 20:46:49', '2023-02-05 20:46:49', 79),
(38, 'Rowland Hamill', '480-230-4583', '(360) 432-3505', '2023-02-05 20:46:49', '2023-02-05 20:46:49', 87),
(39, 'Mr. Kris Spinka II', '785.406.6628', '(870) 910-0574', '2023-02-05 20:46:49', '2023-02-05 20:46:49', 54),
(40, 'Pauline Rath', '+16144732579', '678-723-0054', '2023-02-05 20:46:49', '2023-02-05 20:46:49', 38),
(41, 'Claire Hauck Sr.', '510.288.6259', '1-352-396-7515', '2023-02-05 20:46:49', '2023-02-05 20:46:49', 33),
(42, 'Prof. Ashley Champlin', '+1-479-921-2206', '1-854-945-0558', '2023-02-05 20:46:49', '2023-02-05 20:46:49', 20),
(43, 'Ruth Casper DVM', '+1 (501) 961-6636', '540.216.8141', '2023-02-05 20:46:49', '2023-02-05 20:46:49', 41),
(44, 'Dr. Max Maggio', '(570) 248-4849', '+1 (279) 907-8980', '2023-02-05 20:46:49', '2023-02-05 20:46:49', 20),
(45, 'Miss Leilani Russel', '435-603-0769', '1-413-734-2700', '2023-02-05 20:46:49', '2023-02-05 20:46:49', 98),
(46, 'Mrs. Katelynn Mertz', '+1-313-631-2500', '929-591-9508', '2023-02-05 20:46:49', '2023-02-05 20:46:49', 85),
(47, 'Annette Senger', '321-677-4719', '+1-478-456-0382', '2023-02-05 20:46:49', '2023-02-05 20:46:49', 45),
(48, 'Morgan Heathcote', '+1.520.883.2380', '872.548.9101', '2023-02-05 20:46:49', '2023-02-05 20:46:49', 43),
(49, 'Donny Sipes', '205-575-1538', '+1-732-213-3979', '2023-02-05 20:46:49', '2023-02-05 20:46:49', 28),
(50, 'Miss Karelle VonRueden V', '+1-678-279-9505', '+1-520-486-0168', '2023-02-05 20:46:49', '2023-02-05 20:46:49', 38),
(51, 'Ruth Weissnat DDS', '+1.346.993.6628', '+1-573-208-3245', '2023-02-05 20:46:49', '2023-02-05 20:46:49', 62),
(52, 'Mrs. Brandy Braun', '1-401-202-2754', '+1 (480) 739-4285', '2023-02-05 20:46:49', '2023-02-05 20:46:49', 91),
(53, 'Edwardo Cummerata', '567-747-2362', '(574) 623-0566', '2023-02-05 20:46:49', '2023-02-05 20:46:49', 20),
(54, 'Camylle Howe', '+1-320-696-9858', '912-544-4855', '2023-02-05 20:46:49', '2023-02-05 20:46:49', 72),
(55, 'Mrs. Gracie Herman', '206-485-2366', '+15407099931', '2023-02-05 20:46:49', '2023-02-05 20:46:49', 32),
(56, 'Kendra Gutkowski', '(952) 932-8586', '+1.623.315.2895', '2023-02-05 20:46:49', '2023-02-05 20:46:49', 86),
(57, 'Mr. Mohammad DuBuque', '+1 (862) 878-8602', '941.541.4851', '2023-02-05 20:46:49', '2023-02-05 20:46:49', 28),
(58, 'Rashad Altenwerth', '224-312-3327', '561-812-0190', '2023-02-05 20:46:49', '2023-02-05 20:46:49', 99),
(59, 'Mrs. Estelle Quitzon I', '531.633.7548', '726.839.4544', '2023-02-05 20:46:49', '2023-02-05 20:46:49', 33),
(60, 'Amelia Cruickshank', '1-904-247-5790', '(267) 807-4124', '2023-02-05 20:46:49', '2023-02-05 20:46:49', 33),
(61, 'Onie Pacocha', '+1 (712) 235-0777', '(502) 503-8335', '2023-02-05 20:46:49', '2023-02-05 20:46:49', 88),
(62, 'Dr. Ronny Stoltenberg III', '+1-564-363-2674', '(706) 810-4824', '2023-02-05 20:46:49', '2023-02-05 20:46:49', 5),
(63, 'Damien Beier PhD', '430.462.1431', '1-352-325-8276', '2023-02-05 20:46:49', '2023-02-05 20:46:49', 58),
(64, 'Roslyn Morar', '843-451-9457', '1-682-218-1748', '2023-02-05 20:46:49', '2023-02-05 20:46:49', 42),
(65, 'Torey Goldner', '857-780-2232', '1-574-946-3327', '2023-02-05 20:46:49', '2023-02-05 20:46:49', 32),
(66, 'Mr. Christian Hermann', '754.883.9481', '936-433-3199', '2023-02-05 20:46:49', '2023-02-05 20:46:49', 49),
(67, 'Imelda Rohan', '+1-870-801-3584', '423.599.9755', '2023-02-05 20:46:49', '2023-02-05 20:46:49', 67),
(68, 'Mrs. Alyson Hagenes', '248-459-0765', '1-442-316-0260', '2023-02-05 20:46:49', '2023-02-05 20:46:49', 30),
(69, 'Stefanie Gleichner', '+13414744180', '+16169683266', '2023-02-05 20:46:49', '2023-02-05 20:46:49', 85),
(70, 'Mrs. Marilyne Goyette', '(720) 557-2241', '+1-614-960-5867', '2023-02-05 20:46:49', '2023-02-05 20:46:49', 70),
(71, 'Dr. Erick Cruickshank PhD', '+1-539-778-6076', '+1 (331) 585-6506', '2023-02-05 20:46:49', '2023-02-05 20:46:49', 6),
(72, 'Cesar Hilpert DVM', '+1-641-751-6412', '+1.425.916.5719', '2023-02-05 20:46:49', '2023-02-05 20:46:49', 99),
(73, 'Johnnie Ondricka', '678.407.2659', '734.802.6743', '2023-02-05 20:46:49', '2023-02-05 20:46:49', 20),
(74, 'Yasmeen Dickens', '458-669-1301', '743-632-0766', '2023-02-05 20:46:49', '2023-02-05 20:46:49', 77),
(75, 'Mr. Melany Collins', '+1-279-299-3949', '(214) 214-1933', '2023-02-05 20:46:49', '2023-02-05 20:46:49', 5),
(76, 'Prof. Arthur Weimann PhD', '757.558.3891', '+18388583796', '2023-02-05 20:46:49', '2023-02-05 20:46:49', 99),
(77, 'Jackson Haley V', '+17033319918', '+15513139428', '2023-02-05 20:46:49', '2023-02-05 20:46:49', 20),
(78, 'Melody Ernser', '+1.651.390.2165', '(678) 208-2748', '2023-02-05 20:46:49', '2023-02-05 20:46:49', 76),
(79, 'Miss Pascale Keeling', '678-230-0186', '+1.315.447.8388', '2023-02-05 20:46:49', '2023-02-05 20:46:49', 34),
(80, 'Ms. Kelsi Kub', '+1-341-874-1197', '1-617-477-3846', '2023-02-05 20:46:49', '2023-02-05 20:46:49', 90),
(81, 'Prof. Norbert Schaefer MD', '(351) 528-7251', '779-533-1042', '2023-02-05 20:46:49', '2023-02-05 20:46:49', 27),
(82, 'Estrella Zboncak', '(626) 817-2005', '+1-509-963-4996', '2023-02-05 20:46:49', '2023-02-05 20:46:49', 38),
(83, 'Heidi Cummerata', '+1.661.403.3140', '(757) 364-3747', '2023-02-05 20:46:49', '2023-02-05 20:46:49', 24),
(84, 'Kian Prosacco', '+13863733782', '626-700-4760', '2023-02-05 20:46:49', '2023-02-05 20:46:49', 64),
(85, 'Gerry Ward', '+1-757-745-0107', '+14758199788', '2023-02-05 20:46:49', '2023-02-05 20:46:49', 100),
(86, 'Zena Abshire PhD', '1-434-812-5711', '870.697.7206', '2023-02-05 20:46:49', '2023-02-05 20:46:49', 62),
(87, 'Stan Keeling', '(951) 515-5264', '1-272-876-4541', '2023-02-05 20:46:49', '2023-02-05 20:46:49', 51),
(88, 'Krista Harris', '1-682-442-1538', '223.219.6179', '2023-02-05 20:46:49', '2023-02-05 20:46:49', 19),
(89, 'Asia Christiansen DVM', '+1-276-647-3878', '580-979-9967', '2023-02-05 20:46:49', '2023-02-05 20:46:49', 5),
(90, 'Prof. Cathryn Stark', '+1-660-423-9229', '248.209.6912', '2023-02-05 20:46:49', '2023-02-05 20:46:49', 66),
(91, 'Joan Grant', '(407) 985-7666', '551.754.5541', '2023-02-05 20:46:49', '2023-02-05 20:46:49', 31),
(92, 'Thad Abshire', '+1.316.392.6067', '+1 (425) 751-3563', '2023-02-05 20:46:49', '2023-02-05 20:46:49', 74),
(93, 'Estel Howell', '+1 (870) 982-3642', '734.617.9279', '2023-02-05 20:46:49', '2023-02-05 20:46:49', 88),
(94, 'Eladio Roberts', '+1.220.273.8139', '(878) 454-8053', '2023-02-05 20:46:49', '2023-02-05 20:46:49', 27),
(95, 'Prof. Ocie Zboncak', '+1-445-979-6609', '+15594835227', '2023-02-05 20:46:49', '2023-02-05 20:46:49', 73),
(96, 'Dock Wolff Jr.', '830.378.4549', '715-265-0878', '2023-02-05 20:46:49', '2023-02-05 20:46:49', 25),
(97, 'Mavis Kling V', '1-205-953-6347', '(540) 267-5064', '2023-02-05 20:46:49', '2023-02-05 20:46:49', 81),
(98, 'Dr. Rhett Casper IV', '715-378-7969', '(971) 597-6861', '2023-02-05 20:46:49', '2023-02-05 20:46:49', 78),
(99, 'Mr. Tristian Davis Jr.', '+1 (606) 496-5833', '747.390.9434', '2023-02-05 20:46:49', '2023-02-05 20:46:49', 51),
(100, 'Monserrat Zemlak', '+1-678-350-2843', '1-209-366-9155', '2023-02-05 20:46:49', '2023-02-05 20:46:49', 74),
(101, 'Jamey Ebert I', '820-284-6268', '1-770-563-8738', '2023-02-05 20:46:49', '2023-02-05 20:46:49', 50),
(102, 'Cathy Beahan Jr.', '805-434-2790', '916.972.5173', '2023-02-05 20:46:49', '2023-02-05 20:46:49', 73),
(103, 'Kristofer Boyer V', '475-432-4085', '(503) 805-5876', '2023-02-05 20:46:49', '2023-02-05 20:46:49', 29),
(104, 'Rossie Nienow', '(620) 824-0254', '(743) 430-1334', '2023-02-05 20:46:49', '2023-02-05 20:46:49', 7),
(105, 'Jennie Bergstrom Jr.', '+15714037660', '+1-352-213-6037', '2023-02-05 20:46:49', '2023-02-05 20:46:49', 4),
(106, 'Donnell Shields', '251.404.3958', '757.854.2321', '2023-02-05 20:46:49', '2023-02-05 20:46:49', 56),
(107, 'Trent Thompson PhD', '1-863-972-7534', '854-497-6209', '2023-02-05 20:46:49', '2023-02-05 20:46:49', 46),
(108, 'Bette Renner', '+1-786-817-6284', '253-962-3880', '2023-02-05 20:46:49', '2023-02-05 20:46:49', 47),
(109, 'Dashawn Effertz II', '401-742-6665', '385-419-7758', '2023-02-05 20:46:49', '2023-02-05 20:46:49', 62),
(110, 'Jerrod Johnson', '+1-320-487-9948', '650-248-8285', '2023-02-05 20:46:49', '2023-02-05 20:46:49', 95),
(111, 'Dr. Tristin Crona', '+1-313-290-1040', '689-272-0061', '2023-02-05 20:46:49', '2023-02-05 20:46:49', 22),
(112, 'Linda Hirthe', '(928) 844-1188', '+1-305-560-8150', '2023-02-05 20:46:49', '2023-02-05 20:46:49', 45),
(113, 'Trevion Mayer DDS', '938-590-1826', '+14583238973', '2023-02-05 20:46:49', '2023-02-05 20:46:49', 85),
(114, 'Mr. Reinhold Altenwerth Jr.', '419.824.3359', '(281) 702-3328', '2023-02-05 20:46:49', '2023-02-05 20:46:49', 98),
(115, 'Lurline Hayes', '838.314.1713', '1-678-234-5825', '2023-02-05 20:46:49', '2023-02-05 20:46:49', 28),
(116, 'Erich Hahn V', '734-699-6649', '772-440-6507', '2023-02-05 20:46:49', '2023-02-05 20:46:49', 41),
(117, 'Mrs. Bulah Tremblay MD', '661.592.7112', '325-532-9641', '2023-02-05 20:46:49', '2023-02-05 20:46:49', 13),
(118, 'Mr. Keith Ryan', '+1.732.497.1846', '(540) 692-9400', '2023-02-05 20:46:49', '2023-02-05 20:46:49', 38),
(119, 'Elton Hoeger', '(925) 328-3754', '+1.878.348.9341', '2023-02-05 20:46:49', '2023-02-05 20:46:49', 88),
(120, 'Mikel Waelchi', '1-240-951-8744', '276.736.8214', '2023-02-05 20:46:49', '2023-02-05 20:46:49', 77),
(121, 'Carleton Kulas', '+1-909-784-9642', '820-523-1578', '2023-02-05 20:46:49', '2023-02-05 20:46:49', 44),
(122, 'Jordane Gottlieb', '+1-586-656-8362', '+1-650-975-1215', '2023-02-05 20:46:49', '2023-02-05 20:46:49', 54),
(123, 'Miss Destiney Eichmann I', '614.297.5784', '+1 (508) 530-7418', '2023-02-05 20:46:49', '2023-02-05 20:46:49', 9),
(124, 'Justice Stamm', '405.230.6002', '+1.352.802.7181', '2023-02-05 20:46:49', '2023-02-05 20:46:49', 22),
(125, 'Arlie Stamm', '+1-629-927-6022', '1-351-954-0839', '2023-02-05 20:46:49', '2023-02-05 20:46:49', 20),
(126, 'Grady Johnson', '361.246.8620', '620.878.6807', '2023-02-05 20:46:49', '2023-02-05 20:46:49', 98),
(127, 'Mr. Pietro Zemlak', '315-330-2519', '1-662-338-6258', '2023-02-05 20:46:49', '2023-02-05 20:46:49', 71),
(128, 'Jayda Hill', '+1 (419) 388-9965', '+1.951.546.0551', '2023-02-05 20:46:49', '2023-02-05 20:46:49', 50),
(129, 'Ms. Jaunita Hettinger', '1-859-943-6852', '341.888.3412', '2023-02-05 20:46:49', '2023-02-05 20:46:49', 31),
(130, 'Mrs. Kellie Stracke', '815-322-4352', '386.628.3859', '2023-02-05 20:46:49', '2023-02-05 20:46:49', 100),
(131, 'Lurline Haag', '+1-512-208-1651', '1-929-409-2147', '2023-02-05 20:46:49', '2023-02-05 20:46:49', 24),
(132, 'Santos Thompson III', '+1.712.544.4978', '339.451.7799', '2023-02-05 20:46:49', '2023-02-05 20:46:49', 87),
(133, 'Dr. Maxwell Klocko IV', '+1.209.328.6231', '+18628843506', '2023-02-05 20:46:49', '2023-02-05 20:46:49', 93),
(134, 'Prof. Coy Bode', '+1 (737) 606-2136', '(402) 416-0299', '2023-02-05 20:46:49', '2023-02-05 20:46:49', 95),
(135, 'Fae Steuber', '+1-847-774-8108', '1-641-808-4554', '2023-02-05 20:46:49', '2023-02-05 20:46:49', 2),
(136, 'Rosalind Parker', '(831) 556-2831', '+1 (534) 395-1226', '2023-02-05 20:46:49', '2023-02-05 20:46:49', 50),
(137, 'Fern Renner', '+18326831468', '+13098818053', '2023-02-05 20:46:49', '2023-02-05 20:46:49', 28),
(138, 'Franz Bernhard I', '218.923.8457', '+1-680-538-1900', '2023-02-05 20:46:49', '2023-02-05 20:46:49', 17),
(139, 'Tess Altenwerth', '802.964.9503', '+16518905174', '2023-02-05 20:46:49', '2023-02-05 20:46:49', 33),
(140, 'Ms. Sienna Zieme IV', '+1 (619) 768-1640', '(757) 420-2778', '2023-02-05 20:46:49', '2023-02-05 20:46:49', 35),
(141, 'Amara Rutherford', '+1-283-533-4110', '1-320-714-3404', '2023-02-05 20:46:49', '2023-02-05 20:46:49', 100),
(142, 'Janick Turcotte', '(831) 259-4674', '252-990-1082', '2023-02-05 20:46:49', '2023-02-05 20:46:49', 90),
(143, 'Piper Krajcik I', '1-361-764-4177', '979-302-3884', '2023-02-05 20:46:49', '2023-02-05 20:46:49', 73),
(144, 'Allan Macejkovic DDS', '+1.423.935.4833', '+1-442-556-8011', '2023-02-05 20:46:49', '2023-02-05 20:46:49', 86),
(145, 'Dr. Chyna Muller', '434-582-2407', '+1-682-377-2453', '2023-02-05 20:46:49', '2023-02-05 20:46:49', 78),
(146, 'Prof. Jamel Cassin DVM', '615-660-9296', '+1 (815) 253-3552', '2023-02-05 20:46:49', '2023-02-05 20:46:49', 69),
(147, 'Prof. Filiberto Kirlin', '586.983.3355', '1-539-695-8974', '2023-02-05 20:46:49', '2023-02-05 20:46:49', 96),
(148, 'Dr. Mara Altenwerth DDS', '283-773-9189', '(929) 392-4291', '2023-02-05 20:46:49', '2023-02-05 20:46:49', 11),
(149, 'Mattie Schowalter', '(254) 865-8953', '1-678-655-4725', '2023-02-05 20:46:49', '2023-02-05 20:46:49', 38),
(150, 'Milford Ledner', '+1-272-973-4365', '680-788-3582', '2023-02-05 20:46:49', '2023-02-05 20:46:49', 14),
(151, 'Juana VonRueden', '1-630-475-0804', '(864) 834-8012', '2023-02-05 20:46:49', '2023-02-05 20:46:49', 70),
(152, 'Isabelle Greenholt', '1-708-509-3164', '1-947-945-2446', '2023-02-05 20:46:49', '2023-02-05 20:46:49', 15),
(153, 'Tevin Nicolas', '218.676.8017', '+1-425-494-8759', '2023-02-05 20:46:49', '2023-02-05 20:46:49', 76),
(154, 'Rod Champlin', '(559) 450-3166', '352-648-0601', '2023-02-05 20:46:49', '2023-02-05 20:46:49', 64),
(155, 'Itzel Wunsch', '+1 (551) 738-2650', '+1-470-747-2461', '2023-02-05 20:46:49', '2023-02-05 20:46:49', 84),
(156, 'Abbey Zemlak', '(585) 849-0857', '(463) 418-6397', '2023-02-05 20:46:49', '2023-02-05 20:46:49', 58),
(157, 'Mrs. Laisha O\'Hara', '+1-269-401-6298', '(936) 616-1241', '2023-02-05 20:46:49', '2023-02-05 20:46:49', 63),
(158, 'Mrs. Emmy Sporer II', '(434) 644-1020', '1-678-491-6183', '2023-02-05 20:46:49', '2023-02-05 20:46:49', 41),
(159, 'Mohammad Huel', '+1 (707) 951-1518', '+19545304059', '2023-02-05 20:46:49', '2023-02-05 20:46:49', 15),
(160, 'Kenna Beer', '703-228-5316', '1-973-525-0494', '2023-02-05 20:46:49', '2023-02-05 20:46:49', 3),
(161, 'Prof. Jonathan Koelpin', '+1 (989) 528-5339', '1-571-640-3529', '2023-02-05 20:46:49', '2023-02-05 20:46:49', 55),
(162, 'Zelda Abshire', '1-828-708-6571', '772-601-4388', '2023-02-05 20:46:49', '2023-02-05 20:46:49', 98),
(163, 'Teresa Hoppe', '629-599-8799', '+1 (925) 981-2161', '2023-02-05 20:46:49', '2023-02-05 20:46:49', 75),
(164, 'Vita Turcotte', '+1-443-269-2652', '+18454396608', '2023-02-05 20:46:49', '2023-02-05 20:46:49', 29),
(165, 'Brooks Schoen', '(228) 578-1174', '781.358.1644', '2023-02-05 20:46:49', '2023-02-05 20:46:49', 61),
(166, 'Diana Bogan', '+1.724.925.3064', '520.260.9030', '2023-02-05 20:46:49', '2023-02-05 20:46:49', 85),
(167, 'Prof. Arden Keeling I', '(725) 532-7505', '+1-440-738-8050', '2023-02-05 20:46:49', '2023-02-05 20:46:49', 19),
(168, 'Lester Marvin', '+1-580-516-9307', '828.899.0557', '2023-02-05 20:46:49', '2023-02-05 20:46:49', 13),
(169, 'Dahlia Ledner', '612-741-3436', '504.644.7299', '2023-02-05 20:46:49', '2023-02-05 20:46:49', 92),
(170, 'Mr. Buford Hane', '857.365.8436', '1-229-520-2246', '2023-02-05 20:46:49', '2023-02-05 20:46:49', 59),
(171, 'Madelyn Adams', '+1-773-377-7459', '+1 (458) 725-4703', '2023-02-05 20:46:49', '2023-02-05 20:46:49', 69),
(172, 'Dr. Westley Roob III', '1-361-257-1410', '1-773-430-7521', '2023-02-05 20:46:49', '2023-02-05 20:46:49', 32),
(173, 'Marlon Koss', '567.713.1358', '+1.469.726.5576', '2023-02-05 20:46:49', '2023-02-05 20:46:49', 16),
(174, 'Cali Dibbert', '(231) 552-9269', '+1-757-255-9601', '2023-02-05 20:46:49', '2023-02-05 20:46:49', 45),
(175, 'Constantin Heathcote', '+1-862-225-3170', '(916) 272-7996', '2023-02-05 20:46:49', '2023-02-05 20:46:49', 30),
(176, 'Laurianne Beahan MD', '+1-941-689-7123', '(743) 234-3965', '2023-02-05 20:46:49', '2023-02-05 20:46:49', 5),
(177, 'Nigel D\'Amore I', '+1-872-834-1314', '1-863-904-3059', '2023-02-05 20:46:49', '2023-02-05 20:46:49', 25),
(178, 'Dr. Justyn Schimmel', '+13618859946', '650.916.1042', '2023-02-05 20:46:49', '2023-02-05 20:46:49', 75),
(179, 'Margarete Jakubowski', '1-661-930-7144', '463.674.3214', '2023-02-05 20:46:49', '2023-02-05 20:46:49', 2),
(180, 'Herminio Christiansen', '(234) 358-7586', '+1-843-710-3407', '2023-02-05 20:46:49', '2023-02-05 20:46:49', 59),
(181, 'Dallas Bernier', '667-955-1629', '+1 (417) 913-5972', '2023-02-05 20:46:49', '2023-02-05 20:46:49', 86),
(182, 'Leanne Waelchi', '(520) 276-0149', '+1 (320) 864-3793', '2023-02-05 20:46:49', '2023-02-05 20:46:49', 34),
(183, 'Bert Kulas DVM', '+1.828.342.2182', '586-754-7497', '2023-02-05 20:46:49', '2023-02-05 20:46:49', 12),
(184, 'Misael Aufderhar', '+1-617-396-9123', '469-855-9453', '2023-02-05 20:46:49', '2023-02-05 20:46:49', 1),
(185, 'Monica Zieme', '+1 (313) 491-1475', '510.554.7182', '2023-02-05 20:46:49', '2023-02-05 20:46:49', 70),
(186, 'Nicolette Stanton', '+1.706.435.1327', '+1-616-935-2355', '2023-02-05 20:46:49', '2023-02-05 20:46:49', 48),
(187, 'Elmira Murazik', '(360) 263-5146', '+16786679399', '2023-02-05 20:46:49', '2023-02-05 20:46:49', 8),
(188, 'Enid Schimmel', '+1 (240) 316-6779', '205-369-1855', '2023-02-05 20:46:49', '2023-02-05 20:46:49', 71),
(189, 'Miss Layla McGlynn', '757.603.1406', '+1 (352) 466-9442', '2023-02-05 20:46:49', '2023-02-05 20:46:49', 88),
(190, 'Ines Ferry I', '1-850-389-3618', '520.201.8975', '2023-02-05 20:46:49', '2023-02-05 20:46:49', 30),
(191, 'Edyth Johnson II', '1-678-460-8577', '+1-315-375-6871', '2023-02-05 20:46:49', '2023-02-05 20:46:49', 8),
(192, 'Nya Tillman', '+1-681-765-0369', '650.580.2531', '2023-02-05 20:46:49', '2023-02-05 20:46:49', 80),
(193, 'Javier Quitzon', '484-916-9943', '+16786759750', '2023-02-05 20:46:49', '2023-02-05 20:46:49', 61),
(194, 'Boyd Wolf', '878-381-6443', '573.358.6288', '2023-02-05 20:46:49', '2023-02-05 20:46:49', 81),
(195, 'Nikki Medhurst', '+1 (770) 349-0133', '1-786-735-2304', '2023-02-05 20:46:49', '2023-02-05 20:46:49', 40),
(196, 'Marques Hagenes Jr.', '1-770-917-1493', '520-646-3929', '2023-02-05 20:46:49', '2023-02-05 20:46:49', 99),
(197, 'Mr. Nels Bradtke V', '1-989-549-4316', '+1-520-444-1522', '2023-02-05 20:46:49', '2023-02-05 20:46:49', 52),
(198, 'Bailee Davis', '+1-623-621-2255', '(820) 870-2595', '2023-02-05 20:46:49', '2023-02-05 20:46:49', 92),
(199, 'Kiel Zboncak', '(567) 620-4736', '+1 (940) 500-7551', '2023-02-05 20:46:49', '2023-02-05 20:46:49', 82),
(200, 'Autumn Murazik', '270.908.8851', '+1-248-773-8063', '2023-02-05 20:46:49', '2023-02-05 20:46:49', 59);
COMMIT;

/*!40101 SET CHARACTER_SET_CLIENT=@OLD_CHARACTER_SET_CLIENT */;
/*!40101 SET CHARACTER_SET_RESULTS=@OLD_CHARACTER_SET_RESULTS */;
/*!40101 SET COLLATION_CONNECTION=@OLD_COLLATION_CONNECTION */;
